OBJECTID,Line_No,Bear_ID,Date,Time,Latitude,Longitude,Elevation__feet_,Temp__Deg_F_,Major_Activity,Video_file,Remarks,,,,,
1,24,Bear 212,"Monday, June 11, 2012",20:02,61.3079663,-149.8114082,18,61,Locomotion,Bear_212_06_11_13_2002,Running down a dirt road,,,,,
2,25,Bear 212,"Monday, June 11, 2012",20:31,61.3097712,-149.8181885,13,57,Locomotion,Bear_212_06_11_13_2031,Running down a beach,,,,,
3,114,Bear 212,"Wednesday, June 13, 2012",17:01,61.2781599,-149.8397359,16,64,Locomotion,Bear_212_06_13_13_1701,"Walking/Running through grass and  devils club (Oplopanax horridus), jumps over log. ",,,,,
4,118,Bear 212,"Wednesday, June 13, 2012",19:01,61.2729768,-149.7879769,89,66,Natural Food,Bear_212_06_13_13_1901,Eating dandelions (Taraxacum officinale) in a meadow,,,,,
5,123,Bear 212,"Wednesday, June 13, 2012",21:21,61.2624267,-149.7585853,87,59,Resting,Bear_212_06_13_13_2121,"Head up and alert, lays head down, then lifts head up again.",,,,,
6,125,Bear 212,"Wednesday, June 13, 2012",22:32,61.2597716,-149.7609111,91,57,Natural Food,Bear_212_06_13_13_2232,Eating dandelion (Taraxacum officinale),,,,,
7,139,Bear 212,"Thursday, June 14, 2012",5:30,61.2519538,-149.7356994,72,55,Resting,Bear_212_06_14_13_0530,"Laying on forest floor, lifts head to look around and then shakes it.",,,,,
8,149,Bear 212,"Thursday, June 14, 2012",10:30,61.2519942,-149.7357115,87,72,Resting,Bear_212_06_14_13_1030,"Head lifted, takes a big yawn, then lays head between forepaws.",,,,,
9,154,Bear 212,"Thursday, June 14, 2012",13:01,61.2533329,-149.7536621,71,75,Natural Food,Bear_212_06_14_13_1301,Eating clover (Trifolium repens) next to highway.,,,,,
10,168,Bear 212,"Thursday, June 14, 2012",20:01,61.2410314,-149.7006254,79,72,Locomotion,Bear_212_06_14_13_2001,Walking while constantly sniffing ground.,,,,,
11,171,Bear 212,"Thursday, June 14, 2012",21:31,61.2373415,-149.7012202,91,59,Natural Food,Bear_212_06_14_13_2131,Snacking on a moose carcass.,,,,,
12,186,Bear 212,"Friday, June 15, 2012",5:01,61.2371614,-149.7010811,102,54,Natural Food,Bear_212_06_15_13_0501,Returns to snack on moose carcass from previous day.,,,,,
13,217,Bear 212,"Friday, June 15, 2012",20:31,61.2346716,-149.7108345,79,68,Locomotion,Bear_212_06_15_13_2031,Standing and playing with dead spruce tree limb.,,,,,
14,252,Bear 212,"Saturday, June 16, 2012",14:01,61.2343891,-149.7124471,83,70,Resting,Bear_212_06_16_13_1401,Forepaw is resting over muzzle.  Mouth is twitching while sleeping. Good shot of claws on forepaw.,,,,,
15,266,Bear 212,"Saturday, June 16, 2012",21:01,61.2345494,-149.7124027,82,75,Natural Food,Bear_212_06_16_13_2101,Chewing on a small moose antler,,,,,
16,307,Bear 212,"Sunday, June 17, 2012",17:30,61.2346006,-149.7126652,56,93,Natural Food,Bear_212_06_17_13_1730,"Eating horsetail (Equisetum spp.), standing still, looking,  with piece hanging out of mouth.",,,,,
17,316,Bear 212,"Sunday, June 17, 2012",22:01,61.2317496,-149.7188125,76,63,Locomotion,Bear_212_06_17_13_2201,"In water, playing/swimming/drinking?",,,,,
18,412,Bear 212,"Tuesday, June 19, 2012",22:01,61.2344986,-149.7124068,93,68,Natural Food,Bear_212_06_19_13_2201,Chewing on a moose antler.,,,,,
19,425,Bear 212,"Wednesday, June 20, 2012",4:31,61.2400709,-149.7110247,99,59,Natural Food,Bear_212_06_20_13_0431,Drinking water while walking through a stream.,,,,,
20,433,Bear 212,"Wednesday, June 20, 2012",8:30,61.2400334,-149.7162619,99,63,Natural Food,Bear_212_06_20_13_0830,On side of road eating clover (Trifolium repens) while people watch from their vehicles.,,,,,
21,451,Bear 212,"Wednesday, June 20, 2012",17:31,61.2449857,-149.7158406,81,77,Locomotion,Bear_212_06_20_13_1731,Going for a swim.,,,,,
22,511,Bear 212,"Thursday, June 21, 2012",23:31,61.2373149,-149.7012016,111,63,Natural Food,Bear_212_06_21_13_2331,Eating on an old moose carcass.,,,,,
23,513,Bear 212,"Friday, June 22, 2012",0:30,61.2376318,-149.7072005,101,63,Anthropogenic,Bear_212_06_22_13_0030,"Digging in trash, having yogurt for breakfast.",,,,,
24,553,Bear 212,"Friday, June 22, 2012",20:30,61.2266011,-149.7593574,54,73,Natural Food,Bear_212_06_22_13_2030,Clawing at rotten log looking for grubs.,,,,,
25,573,Bear 212,"Saturday, June 23, 2012",6:30,61.246049,-149.7719458,61,59,Other,Bear_212_06_23_13_0630,Stands and watches as a coyote approaches and then changes course. Next clip: Bear follows coyote.,,,,,
26,608,Bear 212,"Sunday, June 24, 2012",0:01,61.2384244,-149.7522003,81,66,Anthropogenic,Bear_212_06_24_13_0001,Eating peanuts on ground in campground.,,,,,
27,618,Bear 212,"Sunday, June 24, 2012",5:02,61.2452453,-149.7224955,94,55,Locomotion,Bear_212_06_24_13_0502,"Walking along dirt road, sees a piece of gum on ground and eats it. ",,,,,
28,630,Bear 212,"Sunday, June 24, 2012",11:01,61.2811186,-149.6715084,125,64,Resting,Bear_212_06_24_13_1101,"Sleeping on ground, getting attacked by mosquitos.",,,,,
29,700,Bear 212,"Monday, June 25, 2012",21:03,61.3709721,-149.5421927,80,64,Anthropogenic,Bear_212_06_25_13_2103,Eating garbage on someone's lawn.,,,,,
30,718,Bear 212,"Tuesday, June 26, 2012",7:01,61.3872382,-149.5162311,66,59,Other,Bear_212_06_26_13_0701,"Digs up, then investigates carcass of another brown bear that had been wrapped in Tyvek and burried, possible poaching. Notice how frothy her mouth is, a sign of stress.",,,,,
31,736,Bear 212,"Tuesday, June 26, 2012",16:01,61.3938732,-149.4964376,62,64,Resting,Bear_212_06_26_13_1601,"Laying on side, hears something and looks up, immediatly drops head back down. ",,,,,
32,888,Bear 212,"Friday, June 29, 2012",20:02,61.4267104,-149.4541463,96,72,Natural Food,Bear_212_06_29_13_2002,Pulling down Mountain ash (Sorbus aucuparia) tree,,,,,
33,910,Bear 212,"Saturday, June 30, 2012",7:00,61.3821341,-149.4208353,814,59,Locomotion,Bear_212_06_30_13_0700,Walking along mountain ridge overlooking Anchorage bowl.,,,,,
34,912,Bear 212,"Saturday, June 30, 2012",8:00,61.3734859,-149.4090792,1016,54,Locomotion,Bear_212_06_30_13_0800,Running along moutain ridge.,,,,,
35,918,Bear 212,"Saturday, June 30, 2012",11:00,61.3502471,-149.3978205,912,68,Natural Food,Bear_212_06_30_13_1100,Eating crowberry (Empetrum nigrum) buried within lichen.,,,,,
36,922,Bear 212,"Saturday, June 30, 2012",13:00,61.3459845,-149.407096,1121,61,Resting,Bear_212_06_30_13_1300,Laying on freshly dug day bed on open hillside.,,,,,
37,936,Bear 212,"Saturday, June 30, 2012",20:01,61.3451154,-149.4073347,1137,63,Other,Bear_212_06_30_13_2001,Digging in snow.,,,,,
38,944,Bear 212,"Sunday, July 01, 2012",0:01,61.3316355,-149.4039691,977,45,Natural Food,Bear_212_07_01_13_0001,Chewing on a ram's horn.,,,,,
39,1000,Bear 212,"Monday, July 02, 2012",4:01,61.3347058,-149.5227108,500,59,Natural Food,Bear_212_07_02_13_0401,Eating grasses.,,,,,
40,1038,Bear 212,"Monday, July 02, 2012",23:01,61.3526531,-149.5335843,182,63,Anthropogenic,Bear_212_07_02_13_2301,Digging through trash.,,,,,
41,1084,Bear 212,"Tuesday, July 03, 2012",22:02,61.3575656,-149.5368272,129,64,Resting,Bear_212_07_03_13_2202,Resting in wooded area.,,,,,
42,1144,Bear 212,"Thursday, July 05, 2012",4:01,61.3618669,-149.5241065,128,61,Locomotion,Bear_212_07_05_13_0401,Walking on trail in woods leading to a neighborhood,,,,,
43,1152,Bear 212,"Thursday, July 05, 2012",8:00,61.3787976,-149.5220477,87,61,Natural Food,Bear_212_07_05_13_0800,"chewing on bone, dragging it around while walking ",,,,,
44,1178,Bear 212,"Thursday, July 05, 2012",21:02,61.383833,-149.5100972,89,68,Natural Food,Bear_212_07_05_13_2102,Tearing stump of tree apart to get insects.,,,,,
45,1194,Bear 212,"Friday, July 06, 2012",5:01,61.399169,-149.4586901,138,61,Anthropogenic,Bear_212_07_06_13_0501,Getting into trash left out.,,,,,
46,1196,Bear 212,"Friday, July 06, 2012",6:01,61.398854,-149.4533935,125,61,Natural Food,Bear_212_07_06_13_0601,Eating a freshly killed moose calf on road,,,,,
47,1210,Bear 212,"Friday, July 06, 2012",13:01,61.4020212,-149.4573825,104,68,Resting,Bear_212_07_06_13_1301,Sleeping on a freshly dug bed,,,,,
48,1230,Bear 212,"Friday, July 06, 2012",23:02,61.3970285,-149.4563029,125,66,Natural Food,Bear_212_07_06_13_2302,Eating dandelions (Taraxacum officinale),,,,,
49,1242,Bear 212,"Saturday, July 07, 2012",5:01,61.3890561,-149.4960802,75,59,Natural Food,Bear_212_07_07_13_0501,Eating grass,,,,,
50,1272,Bear 212,"Saturday, July 07, 2012",20:00,61.387621,-149.500699,77,68,Locomotion,Bear_212_07_07_13_2000,Walking through brush,,,,,
51,1318,Bear 212,"Sunday, July 08, 2012",19:00,61.3847501,-149.5159223,39,73,Natural Food,Bear_212_07_08_13_1900,Eating grass  while laying next to stream.,,,,,
52,1320,Bear 212,"Sunday, July 08, 2012",20:01,61.3839025,-149.5220219,75,75,Anthropogenic,Bear_212_07_08_13_2001,Eating trash,,,,,
53,1324,Bear 212,"Sunday, July 08, 2012",22:01,61.3850995,-149.5175518,73,68,Locomotion,Bear_212_07_08_13_2201,"Swimming, good underwater shots. ",,,,,
54,1344,Bear 212,"Monday, July 09, 2012",8:01,61.3835217,-149.5459691,48,61,Locomotion,Bear_212_07_09_13_0801,Swimming,,,,,
55,1348,Bear 212,"Monday, July 09, 2012",10:01,61.3939192,-149.5672124,45,66,Locomotion,Bear_212_07_09_13_1001,"Running through woods, stops to scratch a small tree then continues running",,,,,
56,1370,Bear 212,"Monday, July 09, 2012",21:02,61.3946985,-149.5645004,48,63,Locomotion,Bear_212_07_09_13_2102,Swimming,,,,,
57,1386,Bear 212,"Tuesday, July 10, 2012",5:02,61.3549236,-149.555777,96,59,Locomotion,Bear_212_07_10_13_0502,walking on trail in forest,,,,,
58,1390,Bear 212,"Tuesday, July 10, 2012",7:02,61.3347293,-149.5833,92,61,Resting,Bear_212_07_10_13_0702,"laying with forepaws strestched out, looking around ",,,,,
59,1414,Bear 212,"Tuesday, July 10, 2012",19:01,61.3330984,-149.5862343,58,70,Natural Food,Bear_212_07_10_13_1901,Scavenging  old moose carcass,,,,,
60,1432,Bear 212,"Wednesday, July 11, 2012",4:01,61.289585,-149.5888523,151,61,Locomotion,Bear_212_07_11_13_0401,Walking through dark forest,,,,,
61,1462,Bear 212,"Wednesday, July 11, 2012",19:00,61.2795977,-149.6176092,131,68,Natural Food,Bear_212_07_11_13_1900,Eating crow berries (Empetrum nigrum),,,,,
62,1464,Bear 212,"Wednesday, July 11, 2012",20:01,61.2740787,-149.6319388,141,68,Locomotion,Bear_212_07_11_13_2001,Walking alonside highway while chewing on grass,,,,,
63,1488,Bear 212,"Thursday, July 12, 2012",8:01,61.2279045,-149.6815789,111,63,Locomotion,Bear_212_07_12_13_0801,Walking along gravel road while sniffing ground,,,,,
64,1530,Bear 212,"Friday, July 13, 2012",5:01,61.1810484,-149.7266446,114,63,Natural Food,Bear_212_07_13_13_0501,Chewing on caribou antler and moose antler in someone's back yard,,,,,
65,1536,Bear 212,"Friday, July 13, 2012",8:02,61.1814794,-149.7037828,151,63,Natural Food,Bear_212_07_13_13_0802,Feeding on old moose carcass,,,,,
66,1626,Bear 212,"Sunday, July 15, 2012",5:01,61.2030769,-149.7175417,100,64,Natural Food,Bear_212_07_15_13_0501,Feeding on moose calf,,,,,
67,1662,Bear 212,"Sunday, July 15, 2012",23:00,61.2023082,-149.7163963,96,66,Anthropogenic,Bear_212_07_15_13_2300,Sniffing and playing with garden hose in bog,,,,,
68,1680,Bear 212,"Monday, July 16, 2012",8:00,61.2028189,-149.7170679,93,61,Natural Food,Bear_212_07_16_13_0800,Feeding on moose carcass,,,,,
69,1686,Bear 212,"Monday, July 16, 2012",11:01,61.2063084,-149.7106283,93,73,Other,Bear_212_07_16_13_1101,Scratching tree and licking sap off exposed trunk,,,,,
70,1690,Bear 212,"Monday, July 16, 2012",13:03,61.207649,-149.7103954,122,70,Resting,Bear_212_07_16_13_1303,Rolls over and grabs tree with fore paw,,,,,
71,1696,Bear 212,"Monday, July 16, 2012",16:00,61.2080864,-149.7098768,137,75,Resting,Bear_212_07_16_13_1600,Scratches muzzle with front paw,,,,,
72,1706,Bear 212,"Monday, July 16, 2012",21:01,61.2028618,-149.7171737,97,72,Natural Food,Bear_212_07_16_13_2101,Feeding on moose carcass (returned for 3rd time today),,,,,
73,1726,Bear 212,"Tuesday, July 17, 2012",7:01,61.2335975,-149.7039888,98,66,Other,Bear_212_07_17_13_0701,Rubbing back on power pole,,,,,
74,1754,Bear 212,"Tuesday, July 17, 2012",21:01,61.2382217,-149.6733598,135,77,Anthropogenic,Bear_212_07_17_13_2101,Digging through compost pile,,,,,
75,1756,Bear 212,"Tuesday, July 17, 2012",22:02,61.2440784,-149.6678996,118,70,Locomotion,Bear_212_07_17_13_2202,Sitting in bog water while looking at sky,,,,,
76,1758,Bear 212,"Tuesday, July 17, 2012",23:00,61.2438214,-149.6626154,107,68,Natural Food,Bear_212_07_17_13_2300,Eating bog bluberries,,,,,
77,1778,Bear 212,"Wednesday, July 18, 2012",9:00,61.2028399,-149.7170077,94,77,Natural Food,Bear_212_07_18_13_0900,Feeding on moose carcass,,,,,
78,1780,Bear 212,"Wednesday, July 18, 2012",10:00,61.2046297,-149.7149951,93,86,Locomotion,Bear_212_07_18_13_1000,walking through bog,,,,,
79,1946,Bear 212,"Saturday, July 21, 2012",21:02,61.2032772,-149.7160098,87,70,Natural Food,Bear_212_07_21_13_2102,Chewing and licking moose bone,,,,,
80,1948,Bear 212,"Saturday, July 21, 2012",22:00,61.1995089,-149.7182395,103,68,Resting,Bear_212_07_21_13_2200,Good shot of fore paw,,,,,
81,2006,Bear 212,"Monday, July 23, 2012",3:01,61.2995905,-149.5687338,164,68,Locomotion,Bear_212_07_23_13_0301,walking in someone's driveway,,,,,
82,2014,Bear 212,"Monday, July 23, 2012",7:02,61.3223839,-149.5838536,90,64,Anthropogenic,Bear_212_07_23_13_0702,Eating trash in driveway,,,,,
83,2030,Bear 212,"Monday, July 23, 2012",15:01,61.3362518,-149.5821707,85,68,Natural Food,Bear_212_07_23_13_1501,"Licking moose bone, holding with front paws. ",,,,,
84,2094,Bear 212,"Tuesday, July 24, 2012",23:00,61.38511,-149.517787,62,70,Other,Bear_212_07_24_13_2300,Eating trash near house; gets shot at and runs off. Chewing/destroying stck after being shot at.  This behavior is displaced aggression.,,,,,
85,2158,Bear 212,"Thursday, July 26, 2012",7:00,61.3938361,-149.4913294,82,64,Natural Food,Bear_212_07_26_13_0700,digging in dirt(looking for insects?),,,,,
86,2162,Bear 212,"Thursday, July 26, 2012",9:02,61.3872038,-149.4951918,92,68,Natural Food,Bear_212_07_26_13_0902,Eating unripe devil's club berries (Oplopanax horridus),,,,,
87,14,Bear 212,"Monday, June 11, 2012",15:02,61.3057185,-149.8125866,31,79,Resting,,Recovering after being collared.,,,,,
88,32,Bear 212,"Tuesday, June 12, 2012",0:00,61.278823,-149.8479579,49,57,Resting,,,,,,,
89,44,Bear 212,"Tuesday, June 12, 2012",6:02,61.2787364,-149.8480775,21,55,Resting,,,,,,,
90,56,Bear 212,"Tuesday, June 12, 2012",12:01,61.2788047,-149.8480063,42,55,Resting,,,,,,,
91,68,Bear 212,"Tuesday, June 12, 2012",18:02,61.2787656,-149.8478804,18,61,Resting,,,,,,,
92,80,Bear 212,"Wednesday, June 13, 2012",0:00,61.2797394,-149.8474187,49,57,Resting,,,,,,,
93,92,Bear 212,"Wednesday, June 13, 2012",6:00,61.2797538,-149.8473562,15,59,Resting,,,,,,,
94,104,Bear 212,"Wednesday, June 13, 2012",12:00,61.2787425,-149.8482919,47,63,Resting,,,,,,,
95,116,Bear 212,"Wednesday, June 13, 2012",18:00,61.2767343,-149.8171702,52,64,Locomotion,,Walking along dirt road.,,,,,
96,128,Bear 212,"Thursday, June 14, 2012",0:01,61.2550738,-149.7513425,80,57,Resting,,,,,,,
97,140,Bear 212,"Thursday, June 14, 2012",6:00,61.2519989,-149.7358121,74,55,Resting,,,,,,,
98,152,Bear 212,"Thursday, June 14, 2012",12:00,61.2514124,-149.7330512,74,75,Natural Food,,Laying down while eating dandelions (Taraxacum officinale).,,,,,
99,164,Bear 212,"Thursday, June 14, 2012",18:01,61.2519563,-149.7224266,75,70,Natural Food,,Eating dandelions (Taraxacum officinale).,,,,,
100,176,Bear 212,"Friday, June 15, 2012",0:01,61.2362126,-149.7029454,100,55,Resting,,,,,,,
101,188,Bear 212,"Friday, June 15, 2012",6:00,61.2350103,-149.7126167,85,59,Other,,Digging at ground under chain link fence.,,,,,
102,200,Bear 212,"Friday, June 15, 2012",12:02,61.2344573,-149.7123131,96,59,Resting,,,,,,,
103,212,Bear 212,"Friday, June 15, 2012",18:01,61.2346655,-149.7127042,94,66,Natural Food,,Eating horsetail (Equisetum spp.),,,,,
104,224,Bear 212,"Saturday, June 16, 2012",0:02,61.2344469,-149.7123427,116,59,Resting,,,,,,,
105,236,Bear 212,"Saturday, June 16, 2012",6:01,61.234519,-149.7125342,101,55,Resting,,,,,,,
106,248,Bear 212,"Saturday, June 16, 2012",12:02,61.234405,-149.7122394,88,68,Resting,,,,,,,
107,260,Bear 212,"Saturday, June 16, 2012",18:02,61.2344453,-149.7129629,49,72,Natural Food,,Laying down while eating dandelions (Taraxacum officinale).,,,,,
108,272,Bear 212,"Sunday, June 17, 2012",0:00,61.2345111,-149.7124363,89,64,Natural Food,,Eating dandelions  (Taraxacum officinale).,,,,,
109,296,Bear 212,"Sunday, June 17, 2012",12:01,61.2346067,-149.712262,96,70,Resting,,,,,,,
110,308,Bear 212,"Sunday, June 17, 2012",18:01,61.2344852,-149.7127591,51,81,Resting,,Laying on side with mouth moving.,,,,,
111,320,Bear 212,"Monday, June 18, 2012",0:00,61.232003,-149.7385254,80,63,Natural Food,,Dandelions (Taraxacum officinale)  for breakfast.,,,,,
112,332,Bear 212,"Monday, June 18, 2012",6:03,61.2352986,-149.7207598,84,63,Resting,,Having a bath before a nap.,,,,,
113,344,Bear 212,"Monday, June 18, 2012",12:00,61.2351296,-149.7193419,80,73,Resting,,,,,,,
114,356,Bear 212,"Monday, June 18, 2012",18:01,61.2346114,-149.7210177,101,77,Locomotion,,"Laying down, hears something, and then gets up to move. ",,,,,
115,368,Bear 212,"Tuesday, June 19, 2012",0:01,61.2332361,-149.7182485,97,66,Locomotion,,"Walking around parking lot, sniffs blue tarp.",,,,,
116,380,Bear 212,"Tuesday, June 19, 2012",6:01,61.2350222,-149.7194935,104,59,Resting,,,,,,,
117,392,Bear 212,"Tuesday, June 19, 2012",12:01,61.2348446,-149.7192269,83,77,Resting,,,,,,,
118,404,Bear 212,"Tuesday, June 19, 2012",18:01,61.2350719,-149.7191758,98,77,Resting,,,,,,,
119,416,Bear 212,"Wednesday, June 20, 2012",0:01,61.2347278,-149.7119616,92,66,Resting,,,,,,,
120,428,Bear 212,"Wednesday, June 20, 2012",6:01,61.2403936,-149.715413,76,61,Resting,,,,,,,
121,452,Bear 212,"Wednesday, June 20, 2012",18:00,61.2456835,-149.7145033,90,75,Natural Food,,Eating dandelions (Taraxacum officinale) and clover (Trifolium repens).,,,,,
122,464,Bear 212,"Thursday, June 21, 2012",0:00,61.2520937,-149.6996222,111,64,Locomotion,,Walking around neighborhood while chewing on clover (Trifolium repens).,,,,,
123,476,Bear 212,"Thursday, June 21, 2012",6:02,61.242451,-149.700429,75,61,Resting,,"Laying next to big cottonwood, lifts head to look around. ",,,,,
124,488,Bear 212,"Thursday, June 21, 2012",12:03,61.2386122,-149.7029383,104,68,Resting,,,,,,,
125,500,Bear 212,"Thursday, June 21, 2012",18:02,61.2422996,-149.701471,99,79,Resting,,"Trying to wake up, takes a big yawn.",,,,,
126,512,Bear 212,"Friday, June 22, 2012",0:00,61.2372906,-149.7013035,109,63,Locomotion,,Rolling around on back.,,,,,
127,524,Bear 212,"Friday, June 22, 2012",6:00,61.2268105,-149.768505,62,61,Locomotion,,Walking through open-canopy  forest.,,,,,
128,536,Bear 212,"Friday, June 22, 2012",12:01,61.226465,-149.7628008,67,68,Resting,,,,,,,
129,548,Bear 212,"Friday, June 22, 2012",18:01,61.2265032,-149.7617222,70,79,Resting,,,,,,,
130,560,Bear 212,"Saturday, June 23, 2012",0:01,61.2255644,-149.7491473,75,66,Resting,,,,,,,
131,572,Bear 212,"Saturday, June 23, 2012",6:01,61.2448212,-149.7741876,68,57,Natural Food,,Eating dandelions (Taraxacum officinale),,,,,
132,584,Bear 212,"Saturday, June 23, 2012",12:01,61.2471103,-149.7692102,62,77,Resting,,,,,,,
133,596,Bear 212,"Saturday, June 23, 2012",18:00,61.2470339,-149.7692771,76,77,Resting,,,,,,,
134,620,Bear 212,"Sunday, June 24, 2012",6:01,61.2613782,-149.7224243,75,63,Locomotion,,Walking along trail.,,,,,
135,644,Bear 212,"Sunday, June 24, 2012",18:00,61.2799249,-149.6314389,140,70,Locomotion,,Walking along dirt road.,,,,,
136,656,Bear 212,"Monday, June 25, 2012",0:01,61.3019135,-149.5884678,148,63,Natural Food,,Midnight snack of grasses.,,,,,
137,668,Bear 212,"Monday, June 25, 2012",6:01,61.3258434,-149.5857203,87,61,Natural Food,,Eating more grass.,,,,,
138,680,Bear 212,"Monday, June 25, 2012",12:01,61.3468974,-149.5746694,68,66,Locomotion,,Running/ walking in woods. Seems to have been spooked by big truck drving by.,,,,,
139,704,Bear 212,"Tuesday, June 26, 2012",0:01,61.3790975,-149.5345471,91,61,Anthropogenic,,Drinking water collected on a tarp.,,,,,
140,716,Bear 212,"Tuesday, June 26, 2012",6:01,61.385119,-149.5177842,60,59,Natural Food,,Drinking water from a stream.,,,,,
141,728,Bear 212,"Tuesday, June 26, 2012",12:01,61.396929,-149.4987161,68,61,Resting,,,,,,,
142,752,Bear 212,"Wednesday, June 27, 2012",0:02,61.3945954,-149.5094141,71,64,Unknown,,Too dark to tell.,,,,,
143,764,Bear 212,"Wednesday, June 27, 2012",6:01,61.4163079,-149.4756893,56,57,Resting,,,,,,,
144,788,Bear 212,"Wednesday, June 27, 2012",18:02,61.4164187,-149.4749828,77,66,Resting,,,,,,,
145,800,Bear 212,"Thursday, June 28, 2012",0:00,61.4585395,-149.3809025,21,61,Locomotion,,Walking down trail.,,,,,
146,812,Bear 212,"Thursday, June 28, 2012",6:01,61.4334362,-149.4123686,78,61,Resting,,,,,,,
147,824,Bear 212,"Thursday, June 28, 2012",12:02,61.4335654,-149.4121288,84,66,Resting,,,,,,,
148,836,Bear 212,"Thursday, June 28, 2012",18:01,61.4338451,-149.4206565,103,66,Resting,,,,,,,
149,860,Bear 212,"Friday, June 29, 2012",6:02,61.4273849,-149.4563691,95,59,Resting,,,,,,,
150,872,Bear 212,"Friday, June 29, 2012",12:02,61.4270425,-149.456044,82,64,Resting,,,,,,,
151,884,Bear 212,"Friday, June 29, 2012",18:02,61.4265573,-149.4543582,67,73,Natural Food,,Some unknown vegetation (too blurry to tell).,,,,,
152,908,Bear 212,"Saturday, June 30, 2012",6:00,61.3819648,-149.426446,620,55,Resting,,Sitting and gazing at the sky.,,,,,
153,920,Bear 212,"Saturday, June 30, 2012",12:01,61.3460137,-149.4070382,1129,55,Resting,,,,,,,
154,956,Bear 212,"Sunday, July 01, 2012",6:01,61.3148644,-149.463983,530,61,Natural Food,,Eating grass.,,,,,
155,968,Bear 212,"Sunday, July 01, 2012",12:03,61.3151509,-149.4632104,557,61,Resting,,,,,,,
156,980,Bear 212,"Sunday, July 01, 2012",18:02,61.3151471,-149.4631255,581,61,Resting,,,,,,,
157,992,Bear 212,"Monday, July 02, 2012",0:00,61.3310502,-149.4672883,905,57,Natural Food,,"Eating vegetation, too dark to speciate. ",,,,,
158,1004,Bear 212,"Monday, July 02, 2012",6:00,61.3329422,-149.5264934,480,61,Locomotion,,Walking through tall grasses.,,,,,
159,1016,Bear 212,"Monday, July 02, 2012",12:00,61.3376146,-149.5226471,456,64,Resting,,,,,,,
160,1028,Bear 212,"Monday, July 02, 2012",18:00,61.3352125,-149.5206737,517,68,Natural Food,,Eating cow parsnip (Heracleum maximum).,,,,,
161,1040,Bear 212,"Tuesday, July 03, 2012",0:01,61.352699,-149.5335483,160,63,Anthropogenic,,Digging through trash.,,,,,
162,1052,Bear 212,"Tuesday, July 03, 2012",6:02,61.3569621,-149.5384477,108,61,Resting,,Camera too dirty to see much.,,,,,
163,1064,Bear 212,"Tuesday, July 03, 2012",12:02,61.3631486,-149.52618,108,66,Resting,,,,,,,
164,1076,Bear 212,"Tuesday, July 03, 2012",18:02,61.363489,-149.5353717,148,70,Locomotion,,Walking through and sniffing devil's club (Oplopanax horridus).,,,,,
165,1088,Bear 212,"Wednesday, July 04, 2012",0:01,61.3612872,-149.5268374,145,63,Anthropogenic,,Digging through trash.,,,,,
166,1112,Bear 212,"Wednesday, July 04, 2012",12:03,61.3619981,-149.5358408,118,64,Resting,,,,,,,
167,1124,Bear 212,"Wednesday, July 04, 2012",18:02,61.3620302,-149.535402,120,66,Natural Food,,Food to go: Eating grass and dandelions while walking.,,,,,
168,1136,Bear 212,"Thursday, July 05, 2012",0:01,61.3598243,-149.5413,93,63,Anthropogenic,,Getting into trash bin,,,,,
169,1148,Bear 212,"Thursday, July 05, 2012",6:01,61.3774334,-149.5171815,104,55,Natural Food,,drinking water,,,,,
170,1184,Bear 212,"Friday, July 06, 2012",0:01,61.3989156,-149.4635862,121,63,Locomotion,,Walking,,,,,
171,1208,Bear 212,"Friday, July 06, 2012",12:01,61.4019374,-149.4575194,105,68,Resting,,,,,,,
172,1232,Bear 212,"Saturday, July 07, 2012",0:02,61.396804,-149.4540403,124,66,Locomotion,,Standing and looking (in woods),,,,,
173,1244,Bear 212,"Saturday, July 07, 2012",6:01,61.3863376,-149.4917515,103,61,Natural Food,,Eating watermelon berry (Streptopus amplexifolius) stalks.,,,,,
174,1256,Bear 212,"Saturday, July 07, 2012",12:01,61.3856623,-149.4982589,140,68,Resting,,,,,,,
175,1268,Bear 212,"Saturday, July 07, 2012",18:01,61.3852392,-149.497081,102,70,Locomotion,,Scratching (marking) small tree,,,,,
176,1280,Bear 212,"Sunday, July 08, 2012",0:01,61.3797996,-149.4988357,151,61,Locomotion,,Walking through weigh station.,,,,,
177,1292,Bear 212,"Sunday, July 08, 2012",6:02,61.3918483,-149.5020397,67,57,Locomotion,,"Moving through forest, sniffing ground.",,,,,
178,1304,Bear 212,"Sunday, July 08, 2012",12:01,61.384846,-149.5154224,50,70,Resting,,,,,,,
179,1316,Bear 212,"Sunday, July 08, 2012",18:01,61.3848674,-149.5153959,66,75,Resting,,,,,,,
180,1328,Bear 212,"Monday, July 09, 2012",0:00,61.3908102,-149.5113526,77,63,Locomotion,,"Walking in someone's yard, checks out an empty bucket",,,,,
181,1340,Bear 212,"Monday, July 09, 2012",6:01,61.3839484,-149.5477078,58,52,Resting,,,,,,,
182,1364,Bear 212,"Monday, July 09, 2012",18:02,61.3901612,-149.573947,66,66,Resting,,,,,,,
183,1376,Bear 212,"Tuesday, July 10, 2012",0:02,61.3818758,-149.5218396,76,61,Locomotion,,Walking,,,,,
184,1388,Bear 212,"Tuesday, July 10, 2012",6:02,61.3468847,-149.5757162,79,59,Locomotion,,Walking,,,,,
185,1400,Bear 212,"Tuesday, July 10, 2012",12:02,61.3350948,-149.5832989,67,66,Resting,,,,,,,
186,1412,Bear 212,"Tuesday, July 10, 2012",18:01,61.3344991,-149.5833169,73,70,Natural Food,,Eating some kind of vegetation.,,,,,
187,1424,Bear 212,"Wednesday, July 11, 2012",0:03,61.3026485,-149.5701849,117,63,Locomotion,,Strolling through a neighborhood,,,,,
188,1436,Bear 212,"Wednesday, July 11, 2012",6:01,61.2724693,-149.6175617,154,59,Natural Food,,Eating clover (Trifolium repens),,,,,
189,1448,Bear 212,"Wednesday, July 11, 2012",12:02,61.2791225,-149.6130699,158,70,Resting,,,,,,,
190,1460,Bear 212,"Wednesday, July 11, 2012",18:02,61.279056,-149.6130999,167,68,Resting,,,,,,,
191,1472,Bear 212,"Thursday, July 12, 2012",0:00,61.227851,-149.7046859,83,61,Locomotion,,Waling along dirt road,,,,,
192,1484,Bear 212,"Thursday, July 12, 2012",6:01,61.2170262,-149.7170975,89,61,Natural Food,,Drinking water,,,,,
193,1496,Bear 212,"Thursday, July 12, 2012",12:02,61.2252797,-149.6803232,96,70,Resting,,,,,,,
194,1520,Bear 212,"Friday, July 13, 2012",0:01,61.1937573,-149.7260541,94,63,Locomotion,,Taking a night stroll through a neighborhood,,,,,
195,1532,Bear 212,"Friday, July 13, 2012",6:03,61.1797333,-149.7284073,114,68,Resting,,laying on a bed of moss,,,,,
196,1544,Bear 212,"Friday, July 13, 2012",12:02,61.1757489,-149.7032094,148,64,Resting,,,,,,,
197,1568,Bear 212,"Saturday, July 14, 2012",0:01,61.1838487,-149.7196786,147,64,Locomotion,,Walking around neighborhood,,,,,
198,1580,Bear 212,"Saturday, July 14, 2012",6:02,61.1935744,-149.7086018,96,61,Locomotion,,walking on trail in forest,,,,,
199,1592,Bear 212,"Saturday, July 14, 2012",12:00,61.2061201,-149.690454,127,68,Resting,,,,,,,
200,1604,Bear 212,"Saturday, July 14, 2012",18:02,61.2062032,-149.6903907,107,72,Resting,,,,,,,
201,1616,Bear 212,"Sunday, July 15, 2012",0:00,61.2084372,-149.7250711,86,63,Natural Food,,Drinking water,,,,,
202,1628,Bear 212,"Sunday, July 15, 2012",6:00,61.2031205,-149.7175257,110,66,Natural Food,,Feeding on moose calf,,,,,
203,1640,Bear 212,"Sunday, July 15, 2012",12:01,61.209268,-149.7063024,80,66,Resting,,Moving head around,,,,,
204,1652,Bear 212,"Sunday, July 15, 2012",18:01,61.2092241,-149.7062689,57,70,Resting,,,,,,,
205,1664,Bear 212,"Monday, July 16, 2012",0:00,61.2028536,-149.7176088,84,64,Unknown,,Too dark to tell.,,,,,
206,1676,Bear 212,"Monday, July 16, 2012",6:01,61.203293,-149.7176165,101,64,Resting,,,,,,,
207,1688,Bear 212,"Monday, July 16, 2012",12:02,61.2079662,-149.7102302,89,68,Resting,,,,,,,
208,1700,Bear 212,"Monday, July 16, 2012",18:01,61.2080678,-149.709932,185,70,Resting,,,,,,,
209,1712,Bear 212,"Tuesday, July 17, 2012",0:00,61.2013265,-149.7169354,107,64,Locomotion,,Walking in dark forest,,,,,
210,1724,Bear 212,"Tuesday, July 17, 2012",6:02,61.2192498,-149.709156,93,66,Locomotion,,Walking through forest chewing on birch leaves,,,,,
211,1760,Bear 212,"Wednesday, July 18, 2012",0:01,61.2447436,-149.6592547,102,64,Unknown,,Too dark to tell.,,,,,
212,1772,Bear 212,"Wednesday, July 18, 2012",6:01,61.2155884,-149.7164881,126,59,Resting,,,,,,,
213,1784,Bear 212,"Wednesday, July 18, 2012",12:02,61.206237,-149.6929896,96,86,Locomotion,,Walking through brush,,,,,
214,1796,Bear 212,"Wednesday, July 18, 2012",18:00,61.2062462,-149.6903801,126,79,Resting,,,,,,,
215,1808,Bear 212,"Thursday, July 19, 2012",0:01,61.2008716,-149.7107639,95,68,Locomotion,,Walking through bog,,,,,
216,1820,Bear 212,"Thursday, July 19, 2012",6:00,61.1944091,-149.7116153,116,59,Resting,,,,,,,
217,1832,Bear 212,"Thursday, July 19, 2012",12:01,61.2022168,-149.680555,181,79,Natural Food,,"Feeding on old moose carcass, again.",,,,,
218,1844,Bear 212,"Thursday, July 19, 2012",18:00,61.2036694,-149.6825988,138,79,Resting,,,,,,,
219,1856,Bear 212,"Friday, July 20, 2012",0:00,61.1993115,-149.6853721,187,64,Unknown,,Too dark to tell.,,,,,
220,1868,Bear 212,"Friday, July 20, 2012",6:00,61.1997148,-149.682058,175,61,Natural Food,,Eating grasses,,,,,
221,1880,Bear 212,"Friday, July 20, 2012",12:03,61.1987284,-149.6839754,160,75,Resting,,,,,,,
222,1892,Bear 212,"Friday, July 20, 2012",18:02,61.1987769,-149.6840853,187,75,Resting,,,,,,,
223,1916,Bear 212,"Saturday, July 21, 2012",6:01,61.2028958,-149.7057076,111,68,Resting,,,,,,,
224,1928,Bear 212,"Saturday, July 21, 2012",12:01,61.2029858,-149.7056874,109,70,Resting,,Seems a bit restless,,,,,
225,1952,Bear 212,"Sunday, July 22, 2012",0:01,61.2083458,-149.7202785,98,66,Unknown,,Too dark to tell.,,,,,
226,1964,Bear 212,"Sunday, July 22, 2012",6:00,61.2104516,-149.7154733,105,68,Locomotion,,Walking through brush,,,,,
227,1976,Bear 212,"Sunday, July 22, 2012",12:02,61.2410252,-149.6707499,99,70,Resting,,,,,,,
228,1988,Bear 212,"Sunday, July 22, 2012",18:02,61.2409782,-149.6707072,102,73,Resting,,,,,,,
229,2000,Bear 212,"Monday, July 23, 2012",0:01,61.2637097,-149.6192585,136,66,Locomotion,,"moving in dark, can't see anything ",,,,,
230,2024,Bear 212,"Monday, July 23, 2012",12:02,61.3350161,-149.5815504,81,68,Resting,,,,,,,
231,2048,Bear 212,"Tuesday, July 24, 2012",0:01,61.3393417,-149.5801835,86,68,Anthropogenic,,Digging through trash,,,,,
232,2060,Bear 212,"Tuesday, July 24, 2012",6:03,61.3509126,-149.5648239,119,66,Locomotion,,moving through forest,,,,,
233,2084,Bear 212,"Tuesday, July 24, 2012",18:02,61.3663854,-149.5542008,48,75,Locomotion,,walking through forest,,,,,
234,2096,Bear 212,"Wednesday, July 25, 2012",0:02,61.3895449,-149.519331,67,66,Unknown,,Too dark to tell.,,,,,
235,2108,Bear 212,"Wednesday, July 25, 2012",6:01,61.3971336,-149.502672,90,66,Locomotion,,Walking through forest,,,,,
236,2120,Bear 212,"Wednesday, July 25, 2012",12:02,61.3917438,-149.4993131,73,70,Resting,,,,,,,
237,2132,Bear 212,"Wednesday, July 25, 2012",18:01,61.3934319,-149.4925244,74,79,Natural Food,,Eating aquatic plants/ tubers,,,,,
238,2156,Bear 212,"Thursday, July 26, 2012",6:01,61.3991323,-149.5007986,86,61,Locomotion,,moving through dense brush,,,,,
239,2168,Bear 212,"Thursday, July 26, 2012",12:01,61.3853186,-149.4978976,96,72,Resting,,,,,,,
240,2180,Bear 212,"Thursday, July 26, 2012",18:02,61.3854443,-149.4982315,119,77,Resting,,moving around,,,,,
241,2192,Bear 212,"Friday, July 27, 2012",0:00,61.3717917,-149.5064035,172,72,Unknown,,No video.,,,,,
242,2216,Bear 212,"Friday, July 27, 2012",12:01,61.3488378,-149.5789609,80,73,Unknown,,No video.,,,,,
243,2228,Bear 212,"Friday, July 27, 2012",18:00,61.349249,-149.5792894,70,81,Unknown,,No video.,,,,,
244,2240,Bear 212,"Saturday, July 28, 2012",0:01,61.3664235,-149.5452659,110,70,Unknown,,No video.,,,,,
245,2252,Bear 212,"Saturday, July 28, 2012",6:01,61.3908392,-149.5022771,83,61,Unknown,,No video.,,,,,
246,2264,Bear 212,"Saturday, July 28, 2012",12:00,61.3910917,-149.5023869,81,75,Unknown,,No video.,,,,,
247,2276,Bear 212,"Saturday, July 28, 2012",18:00,61.3912761,-149.5024085,86,77,Unknown,,No video.,,,,,
248,2288,Bear 212,"Sunday, July 29, 2012",0:02,61.3904118,-149.515236,77,72,Unknown,,No video.,,,,,
249,2300,Bear 212,"Sunday, July 29, 2012",6:01,61.4162796,-149.5185147,15,64,Unknown,,No video.,,,,,
250,2312,Bear 212,"Sunday, July 29, 2012",12:01,61.4002553,-149.5758399,43,72,Unknown,,No video.,,,,,
251,2324,Bear 212,"Sunday, July 29, 2012",18:01,61.4004068,-149.5757679,52,73,Unknown,,No video.,,,,,
252,2336,Bear 212,"Monday, July 30, 2012",0:02,61.3859065,-149.5350166,67,72,Unknown,,No video.,,,,,
253,2348,Bear 212,"Monday, July 30, 2012",6:02,61.3884433,-149.5506791,57,66,Unknown,,No video.,,,,,
254,2360,Bear 212,"Monday, July 30, 2012",12:02,61.3851231,-149.5525887,50,70,Unknown,,No video.,,,,,
255,2372,Bear 212,"Monday, July 30, 2012",18:01,61.3851277,-149.5525726,52,73,Unknown,,No video.,,,,,
256,2384,Bear 212,"Tuesday, July 31, 2012",0:01,61.3587141,-149.5742298,47,61,Unknown,,No video.,,,,,
257,2396,Bear 212,"Tuesday, July 31, 2012",6:02,61.3361776,-149.582322,98,66,Unknown,,No video.,,,,,
258,2408,Bear 212,"Tuesday, July 31, 2012",12:03,61.3377318,-149.5945926,75,73,Unknown,,No video.,,,,,
259,2420,Bear 212,"Tuesday, July 31, 2012",18:02,61.3372542,-149.5960746,103,75,Unknown,,No video.,,,,,
260,2444,Bear 212,"Wednesday, August 01, 2012",6:01,61.3518079,-149.5539839,108,61,Unknown,,No video.,,,,,
261,2456,Bear 212,"Wednesday, August 01, 2012",12:02,61.3343602,-149.5890669,84,70,Unknown,,No video.,,,,,
262,2468,Bear 212,"Wednesday, August 01, 2012",18:01,61.3331346,-149.5862438,67,73,Unknown,,No video.,,,,,
263,2492,Bear 212,"Thursday, August 02, 2012",6:03,61.3082279,-149.5591715,98,66,Unknown,,No video.,,,,,
264,2504,Bear 212,"Thursday, August 02, 2012",12:02,61.3083982,-149.5639019,98,64,Unknown,,No video.,,,,,
265,2516,Bear 212,"Thursday, August 02, 2012",18:01,61.3028866,-149.5517965,88,64,Unknown,,No video.,,,,,
266,2528,Bear 212,"Friday, August 03, 2012",0:02,61.2824865,-149.4823226,84,66,Unknown,,No video.,,,,,
267,2540,Bear 212,"Friday, August 03, 2012",6:00,61.25131,-149.4505164,871,59,Unknown,,No video.,,,,,
268,2564,Bear 212,"Friday, August 03, 2012",18:01,61.2561835,-149.4007209,510,68,Unknown,,No video.,,,,,
269,2576,Bear 212,"Saturday, August 04, 2012",0:01,61.2988946,-149.4776869,110,68,Unknown,,No video.,,,,,
270,2588,Bear 212,"Saturday, August 04, 2012",6:02,61.3014074,-149.5426041,130,66,Unknown,,No video.,,,,,
271,2600,Bear 212,"Saturday, August 04, 2012",12:02,61.3186997,-149.6044814,105,70,Unknown,,No video.,,,,,
272,2612,Bear 212,"Saturday, August 04, 2012",18:02,61.3169319,-149.6171465,5,68,Unknown,,No video.,,,,,
273,2624,Bear 212,"Sunday, August 05, 2012",0:02,61.3064088,-149.6726061,55,70,Unknown,,No video.,,,,,
274,2636,Bear 212,"Sunday, August 05, 2012",6:01,61.3069989,-149.7190673,20,63,Unknown,,No video.,,,,,
275,2648,Bear 212,"Sunday, August 05, 2012",12:00,61.2943398,-149.7460013,41,72,Unknown,,No video.,,,,,
276,2660,Bear 212,"Sunday, August 05, 2012",18:01,61.3128398,-149.8004376,29,82,Unknown,,No video.,,,,,
277,2672,Bear 212,"Monday, August 06, 2012",0:01,61.2917375,-149.8196547,24,68,Unknown,,No video.,,,,,
278,2684,Bear 212,"Monday, August 06, 2012",6:00,61.2875164,-149.8282873,36,64,Unknown,,No video.,,,,,
279,2696,Bear 212,"Monday, August 06, 2012",12:00,61.3019844,-149.8256187,32,72,Unknown,,No video.,,,,,
280,2708,Bear 212,"Monday, August 06, 2012",18:01,61.2954646,-149.8324194,15,77,Unknown,,No video.,,,,,
281,2720,Bear 212,"Tuesday, August 07, 2012",0:00,61.2717349,-149.8158555,62,66,Unknown,,No video.,,,,,
282,2732,Bear 212,"Tuesday, August 07, 2012",6:02,61.2670922,-149.7796573,105,68,Unknown,,No video.,,,,,
283,2744,Bear 212,"Tuesday, August 07, 2012",12:02,61.2581803,-149.742223,101,72,Unknown,,No video.,,,,,
284,12,Bear 213,"Sunday, July 22, 2012",6:03 PM,61.3406515,-149.7006447,26.31,75.2,Unknown,,No video,,,,,
285,36,Bear 213,"Monday, July 23, 2012",6:00 AM,61.3349808,-149.6778053,53.77,68,Unknown,,No video,,,,,
286,48,Bear 213,"Monday, July 23, 2012",12:01 PM,61.3348947,-149.6777651,53.32,73.4,Unknown,,No video,,,,,
287,60,Bear 213,"Monday, July 23, 2012",6:01 PM,61.3350234,-149.6779312,20.41,71.6,Unknown,,No video,,,,,
288,72,Bear 213,"Tuesday, July 24, 2012",12:01 AM,61.3367223,-149.6622353,55.95,69.8,Unknown,,No video,,,,,
289,84,Bear 213,"Tuesday, July 24, 2012",6:01 AM,61.3351928,-149.6528749,68.21,69.8,Unknown,,No video,,,,,
290,96,Bear 213,"Tuesday, July 24, 2012",12:02 PM,61.3341383,-149.6454231,91.43,78.8,Unknown,,No video,,,,,
291,120,Bear 213,"Wednesday, July 25, 2012",12:02 AM,61.3182688,-149.646994,97.74,71.6,Unknown,,No video,,,,,
292,132,Bear 213,"Wednesday, July 25, 2012",6:01 AM,61.3205743,-149.5930508,82.57,69.8,Unknown,,No video,,,,,
293,156,Bear 213,"Wednesday, July 25, 2012",6:00 PM,61.3120763,-149.620326,66.08,89.6,Unknown,,No video,,,,,
294,168,Bear 213,"Thursday, July 26, 2012",12:00 AM,61.3119647,-149.6380355,70.6,69.8,Unknown,,No video,,,,,
295,180,Bear 213,"Thursday, July 26, 2012",6:01 AM,61.3215848,-149.6513745,103.05,66.2,Unknown,,No video,,,,,
296,216,Bear 213,"Friday, July 27, 2012",12:02 AM,61.311453,-149.6451484,68.75,68,Unknown,,No video,,,,,
297,228,Bear 213,"Friday, July 27, 2012",6:02 AM,61.3184764,-149.5925087,33.78,66.2,Unknown,,No video,,,,,
298,252,Bear 213,"Friday, July 27, 2012",6:03 PM,61.2966808,-149.6318769,115.96,80.6,Unknown,,No video,,,,,
299,264,Bear 213,"Saturday, July 28, 2012",12:00 AM,61.3014052,-149.6177418,119.57,73.4,Unknown,,No video,,,,,
300,276,Bear 213,"Saturday, July 28, 2012",6:02 AM,61.3168212,-149.5897748,61.74,69.8,Unknown,,No video,,,,,
301,288,Bear 213,"Saturday, July 28, 2012",12:03 PM,61.3150334,-149.5870062,60.17,80.6,Unknown,,No video,,,,,
302,312,Bear 213,"Sunday, July 29, 2012",12:01 AM,61.3144253,-149.639951,50.52,73.4,Unknown,,No video,,,,,
303,324,Bear 213,"Sunday, July 29, 2012",6:00 AM,61.3033292,-149.6552448,67.19,66.2,Unknown,,No video,,,,,
304,336,Bear 213,"Sunday, July 29, 2012",12:01 PM,61.3027231,-149.6643892,63.12,80.6,Unknown,,No video,,,,,
305,348,Bear 213,"Sunday, July 29, 2012",6:03 PM,61.302773,-149.6648884,40.69,75.2,Unknown,,No video,,,,,
306,360,Bear 213,"Monday, July 30, 2012",12:01 AM,61.3132523,-149.6924848,18.31,68,Unknown,,No video,,,,,
307,372,Bear 213,"Monday, July 30, 2012",6:00 AM,61.3201956,-149.7049287,22.45,68,Unknown,,No video,,,,,
308,384,Bear 213,"Monday, July 30, 2012",12:01 PM,61.3243868,-149.6793354,40.54,69.8,Unknown,,No video,,,,,
309,408,Bear 213,"Tuesday, July 31, 2012",12:01 AM,61.3127621,-149.6409801,35.66,68,Unknown,,No video,,,,,
310,420,Bear 213,"Tuesday, July 31, 2012",6:02 AM,61.3177469,-149.5843775,55.46,71.6,Unknown,,No video,,,,,
311,444,Bear 213,"Tuesday, July 31, 2012",6:01 PM,61.3291951,-149.5977681,80.33,75.2,Unknown,,No video,,,,,
312,480,Bear 213,"Wednesday, August 01, 2012",12:03 PM,61.3174963,-149.5865171,69.6,80.6,Unknown,,No video,,,,,
313,492,Bear 213,"Wednesday, August 01, 2012",6:01 PM,61.3173231,-149.5861041,71.04,73.4,Unknown,,No video,,,,,
314,504,Bear 213,"Thursday, August 02, 2012",12:02 AM,61.3110124,-149.5754485,80.79,68,Unknown,,No video,,,,,
315,528,Bear 213,"Thursday, August 02, 2012",12:03 PM,61.306471,-149.5596878,80.75,86,Unknown,,No video,,,,,
316,604,Bear 213,"Saturday, August 04, 2012",6:00 AM,61.3029807,-149.5605705,80.47,68,Unknown,,No video,,,,,
317,664,Bear 213,"Sunday, August 05, 2012",12:01 PM,61.2982123,-149.6160805,145.65,73.4,Unknown,,No video,,,,,
318,688,Bear 213,"Monday, August 06, 2012",12:02 AM,61.3061678,-149.6484346,76.45,71.6,Unknown,,No video,,,,,
319,700,Bear 213,"Monday, August 06, 2012",6:01 AM,61.3177043,-149.6129958,35.26,64.4,Unknown,,No video,,,,,
320,724,Bear 213,"Monday, August 06, 2012",6:01 PM,61.3372777,-149.6201249,73.41,77,Unknown,,No video,,,,,
321,736,Bear 213,"Tuesday, August 07, 2012",12:02 AM,61.3246309,-149.6016698,86.07,68,Unknown,,No video,,,,,
322,748,Bear 213,"Tuesday, August 07, 2012",6:01 AM,61.3123789,-149.5794383,80.68,69.8,Unknown,,No video,,,,,
323,760,Bear 213,"Tuesday, August 07, 2012",12:01 PM,61.3044059,-149.6147861,81.31,78.8,Unknown,,No video,,,,,
324,784,Bear 213,"Wednesday, August 08, 2012",12:03 AM,61.2972213,-149.634672,103.5,73.4,Unknown,,No video,,,,,
325,796,Bear 213,"Wednesday, August 08, 2012",6:02 AM,61.3015809,-149.6482395,111.14,73.4,Unknown,,No video,,,,,
326,808,Bear 213,"Wednesday, August 08, 2012",12:01 PM,61.2955786,-149.6462393,98.85,75.2,Unknown,,No video,,,,,
327,820,Bear 213,"Wednesday, August 08, 2012",6:00 PM,61.2935675,-149.6443702,132.65,77,Unknown,,No video,,,,,
328,832,Bear 213,"Thursday, August 09, 2012",12:01 AM,61.3094298,-149.6491844,30.26,68,Unknown,,No video,,,,,
329,844,Bear 213,"Thursday, August 09, 2012",6:02 AM,61.3215563,-149.610305,85.41,66.2,Unknown,,No video,,,,,
330,856,Bear 213,"Thursday, August 09, 2012",12:03 PM,61.3408185,-149.6020556,109.59,78.8,Unknown,,No video,,,,,
331,870,Bear 213,"Friday, August 10, 2012",12:02 AM,61.3621668,-149.5895713,70.2,77,Unknown,,No video,,,,,
332,882,Bear 213,"Friday, August 10, 2012",6:01 AM,61.3606242,-149.5714976,61.53,69.8,Unknown,,No video,,,,,
333,894,Bear 213,"Friday, August 10, 2012",12:01 PM,61.362186,-149.573904,91.82,75.2,Unknown,,No video,,,,,
334,918,Bear 213,"Saturday, August 11, 2012",12:03 AM,61.3393393,-149.5810699,97.12,77,Unknown,,No video,,,,,
335,930,Bear 213,"Saturday, August 11, 2012",6:02 AM,61.3188661,-149.5846553,105.78,75.2,Unknown,,No video,,,,,
336,942,Bear 213,"Saturday, August 11, 2012",12:00 PM,61.3221171,-149.646935,91.11,78.8,Unknown,,No video,,,,,
337,954,Bear 213,"Saturday, August 11, 2012",6:02 PM,61.3239841,-149.6469682,90.16,84.2,Unknown,,No video,,,,,
338,966,Bear 213,"Sunday, August 12, 2012",12:00 AM,61.3141229,-149.6931164,31.34,73.4,Unknown,,No video,,,,,
339,978,Bear 213,"Sunday, August 12, 2012",6:01 AM,61.3064229,-149.672621,68.86,78.8,Unknown,,No video,,,,,
340,990,Bear 213,"Sunday, August 12, 2012",12:00 PM,61.3066217,-149.6584563,30.52,75.2,Unknown,,No video,,,,,
341,1014,Bear 213,"Monday, August 13, 2012",12:02 AM,61.306993,-149.6716256,56.89,77,Unknown,,No video,,,,,
342,1026,Bear 213,"Monday, August 13, 2012",6:00 AM,61.3082089,-149.6581579,32.89,80.6,Unknown,,No video,,,,,
343,1038,Bear 213,"Monday, August 13, 2012",12:02 PM,61.3203328,-149.6570612,82.48,80.6,Unknown,,No video,,,,,
344,1050,Bear 213,"Monday, August 13, 2012",6:02 PM,61.3220546,-149.6550337,75.55,77,Unknown,,No video,,,,,
345,1062,Bear 213,"Tuesday, August 14, 2012",12:03 AM,61.3175511,-149.6114448,54.86,73.4,Unknown,,No video,,,,,
346,1074,Bear 213,"Tuesday, August 14, 2012",6:01 AM,61.3187399,-149.6096661,65.6,78.8,Unknown,,No video,,,,,
347,1086,Bear 213,"Tuesday, August 14, 2012",12:01 PM,61.3192102,-149.6103319,57.44,84.2,Unknown,,No video,,,,,
348,1110,Bear 213,"Wednesday, August 15, 2012",12:02 AM,61.3208436,-149.6515747,134.55,77,Unknown,,No video,,,,,
349,1122,Bear 213,"Wednesday, August 15, 2012",6:01 AM,61.3216515,-149.6520622,91,77,Unknown,,No video,,,,,
350,1134,Bear 213,"Wednesday, August 15, 2012",12:02 PM,61.3078318,-149.6510406,42.21,75.2,Unknown,,No video,,,,,
351,1146,Bear 213,"Wednesday, August 15, 2012",6:01 PM,61.3099131,-149.6735562,66.9,82.4,Unknown,,No video,,,,,
352,1158,Bear 213,"Thursday, August 16, 2012",12:01 AM,61.306392,-149.673317,79.87,78.8,Unknown,,No video,,,,,
353,1170,Bear 213,"Thursday, August 16, 2012",6:00 AM,61.3062614,-149.6731988,51.35,73.4,Unknown,,No video,,,,,
354,1179,Bear 213,"Friday, August 17, 2012",6:00 AM,61.3140241,-149.6400958,29.38,75.2,Unknown,,No video,,,,,
355,1203,Bear 213,"Friday, August 17, 2012",6:02 PM,61.2971845,-149.6323682,130.83,78.8,Unknown,,No video,,,,,
356,1215,Bear 213,"Saturday, August 18, 2012",12:01 AM,61.3168971,-149.5980138,100.43,75.2,Unknown,,No video,,,,,
357,1227,Bear 213,"Saturday, August 18, 2012",6:02 AM,61.3153386,-149.5846953,78.04,73.4,Unknown,,No video,,,,,
358,1239,Bear 213,"Saturday, August 18, 2012",12:01 PM,61.293499,-149.6350626,128.84,77,Unknown,,No video,,,,,
359,1251,Bear 213,"Saturday, August 18, 2012",6:02 PM,61.2932315,-149.643779,124.64,80.6,Unknown,,No video,,,,,
360,1263,Bear 213,"Sunday, August 19, 2012",12:03 AM,61.3136579,-149.6343966,64.25,69.8,Unknown,,No video,,,,,
361,1275,Bear 213,"Sunday, August 19, 2012",6:00 AM,61.3122304,-149.637828,85.17,77,Unknown,,No video,,,,,
362,1287,Bear 213,"Sunday, August 19, 2012",12:01 PM,61.3375312,-149.6223171,80.76,77,Unknown,,No video,,,,,
363,1335,Bear 213,"Monday, August 20, 2012",12:02 PM,61.3807031,-149.6092789,76.24,77,Unknown,,No video,,,,,
364,1347,Bear 213,"Monday, August 20, 2012",6:02 PM,61.3767891,-149.6182255,63.63,82.4,Unknown,,No video,,,,,
365,1359,Bear 213,"Tuesday, August 21, 2012",12:01 AM,61.372921,-149.6455425,88.13,77,Unknown,,No video,,,,,
366,1371,Bear 213,"Tuesday, August 21, 2012",6:00 AM,61.3731313,-149.6458577,54.83,77,Unknown,,No video,,,,,
367,1383,Bear 213,"Tuesday, August 21, 2012",12:00 PM,61.3848147,-149.6325647,48.39,75.2,Unknown,,No video,,,,,
368,1395,Bear 213,"Tuesday, August 21, 2012",6:02 PM,61.3862054,-149.6676105,28.78,80.6,Unknown,,No video,,,,,
369,1412,Bear 213,"Wednesday, August 22, 2012",12:01 PM,61.3198123,-149.6804442,54.94,77,Unknown,,No video,,,,,
370,1455,Bear 213,"Saturday, August 25, 2012",12:01 AM,61.2880524,-149.6880707,95.28,75.2,Unknown,,No video,,,,,
371,1491,Bear 213,"Saturday, August 25, 2012",6:01 PM,61.2818628,-149.6658909,132.2,80.6,Unknown,,No video,,,,,
372,1503,Bear 213,"Sunday, August 26, 2012",12:02 AM,61.3025548,-149.6692768,20.95,71.6,Unknown,,No video,,,,,
373,1527,Bear 213,"Sunday, August 26, 2012",12:02 PM,61.3249059,-149.6470504,21.45,73.4,Unknown,,No video,,,,,
374,1552,Bear 213,"Tuesday, August 28, 2012",12:00 AM,61.354238,-149.5562115,92.44,78.8,Unknown,,No video,,,,,
375,1564,Bear 213,"Tuesday, August 28, 2012",6:00 AM,61.3544389,-149.5560001,130.35,69.8,Unknown,,No video,,,,,
376,1576,Bear 213,"Tuesday, August 28, 2012",12:01 PM,61.3743795,-149.5683078,91.7,77,Unknown,,No video,,,,,
377,1588,Bear 213,"Tuesday, August 28, 2012",6:01 PM,61.3831425,-149.598711,65.76,80.6,Unknown,,No video,,,,,
378,1600,Bear 213,"Wednesday, August 29, 2012",12:01 AM,61.3872661,-149.6240231,62.26,77,Unknown,,No video,,,,,
379,1612,Bear 213,"Wednesday, August 29, 2012",6:01 AM,61.3875864,-149.6242091,59.87,75.2,Unknown,,No video,,,,,
380,1624,Bear 213,"Wednesday, August 29, 2012",12:01 PM,61.383685,-149.6641073,28.22,71.6,Unknown,,No video,,,,,
381,1636,Bear 213,"Wednesday, August 29, 2012",6:01 PM,61.384298,-149.6768989,34.24,80.6,Unknown,,No video,,,,,
382,1648,Bear 213,"Thursday, August 30, 2012",12:01 AM,61.3739406,-149.7069182,35.23,78.8,Unknown,,No video,,,,,
383,1660,Bear 213,"Thursday, August 30, 2012",6:00 AM,61.3718182,-149.7077472,45.84,82.4,Unknown,,No video,,,,,
384,1672,Bear 213,"Thursday, August 30, 2012",12:01 PM,61.3583154,-149.71056,57.34,78.8,Unknown,,No video,,,,,
385,1684,Bear 213,"Thursday, August 30, 2012",6:02 PM,61.3383526,-149.7100028,55.79,69.8,Unknown,,No video,,,,,
386,1694,Bear 213,"Friday, August 31, 2012",6:07 PM,61.3027515,-149.7106157,51.13,78.8,Unknown,,No video,,,,,
387,1772,Bear 213,"Monday, September 03, 2012",6:01 AM,61.2752693,-149.7119842,132.3,73.4,Unknown,,No video,,,,,
388,1784,Bear 213,"Monday, September 03, 2012",12:01 PM,61.279307,-149.7005251,117.21,75.2,Unknown,,No video,,,,,
389,1796,Bear 213,"Monday, September 03, 2012",6:00 PM,61.290851,-149.6880951,79.52,75.2,Unknown,,No video,,,,,
390,1820,Bear 213,"Tuesday, September 04, 2012",6:00 AM,61.303067,-149.711041,27.32,78.8,Unknown,,No video,,,,,
391,1832,Bear 213,"Tuesday, September 04, 2012",12:01 PM,61.3085326,-149.729276,53.05,73.4,Unknown,,No video,,,,,
392,1844,Bear 213,"Tuesday, September 04, 2012",6:02 PM,61.308855,-149.7240822,47.07,69.8,Unknown,,No video,,,,,
393,1856,Bear 213,"Wednesday, September 05, 2012",12:02 AM,61.3124522,-149.6785861,62.53,71.6,Unknown,,No video,,,,,
394,1868,Bear 213,"Wednesday, September 05, 2012",6:01 AM,61.3125198,-149.678664,66.39,77,Unknown,,No video,,,,,
395,1880,Bear 213,"Wednesday, September 05, 2012",12:01 PM,61.3429633,-149.6758722,61.02,73.4,Unknown,,No video,,,,,
396,1892,Bear 213,"Wednesday, September 05, 2012",6:01 PM,61.3570292,-149.707479,70.67,73.4,Unknown,,No video,,,,,
397,1916,Bear 213,"Thursday, September 06, 2012",6:01 AM,61.3605577,-149.7111188,50.77,75.2,Unknown,,No video,,,,,
398,1940,Bear 213,"Thursday, September 06, 2012",6:01 PM,61.3718618,-149.719535,47.74,75.2,Unknown,,No video,,,,,
399,1952,Bear 213,"Friday, September 07, 2012",12:01 AM,61.3721792,-149.7069782,51.22,73.4,Unknown,,No video,,,,,
400,1964,Bear 213,"Friday, September 07, 2012",6:00 AM,61.3722534,-149.70697,52.41,69.8,Unknown,,No video,,,,,
401,1976,Bear 213,"Friday, September 07, 2012",12:01 PM,61.3861085,-149.6671108,0.49,77,Unknown,,No video,,,,,
402,1988,Bear 213,"Friday, September 07, 2012",6:01 PM,61.3921577,-149.6189379,31.48,77,Unknown,,No video,,,,,
403,2000,Bear 213,"Saturday, September 08, 2012",12:03 AM,61.3757529,-149.602691,60.57,75.2,Unknown,,No video,,,,,
404,2012,Bear 213,"Saturday, September 08, 2012",6:00 AM,61.3757426,-149.6026254,74.87,75.2,Unknown,,No video,,,,,
405,2024,Bear 213,"Saturday, September 08, 2012",12:01 PM,61.3818985,-149.6103909,49.13,78.8,Unknown,,No video,,,,,
406,2036,Bear 213,"Saturday, September 08, 2012",6:02 PM,61.377684,-149.6278725,60.47,78.8,Unknown,,No video,,,,,
407,2048,Bear 213,"Sunday, September 09, 2012",12:01 AM,61.3488841,-149.6193013,52.61,71.6,Unknown,,No video,,,,,
408,2060,Bear 213,"Sunday, September 09, 2012",6:02 AM,61.3453182,-149.6210296,87.41,69.8,Unknown,,No video,,,,,
409,2072,Bear 213,"Sunday, September 09, 2012",12:01 PM,61.3393411,-149.7054472,40.03,68,Unknown,,No video,,,,,
410,2084,Bear 213,"Sunday, September 09, 2012",6:03 PM,61.3472682,-149.7061624,27.93,78.8,Unknown,,No video,,,,,
411,2096,Bear 213,"Monday, September 10, 2012",12:00 AM,61.3680199,-149.7146078,55.88,77,Unknown,,No video,,,,,
412,2108,Bear 213,"Monday, September 10, 2012",6:00 AM,61.3681532,-149.7144851,30.68,71.6,Unknown,,No video,,,,,
413,2132,Bear 213,"Monday, September 10, 2012",6:00 PM,61.3766648,-149.7121333,48.4,77,Unknown,,No video,,,,,
414,2144,Bear 213,"Tuesday, September 11, 2012",12:00 AM,61.3814757,-149.691632,61.16,64.4,Unknown,,No video,,,,,
415,2156,Bear 213,"Tuesday, September 11, 2012",6:00 AM,61.3815535,-149.6911498,55.29,77,Unknown,,No video,,,,,
416,2168,Bear 213,"Tuesday, September 11, 2012",12:01 PM,61.3786369,-149.7029893,36.7,77,Unknown,,No video,,,,,
417,2180,Bear 213,"Tuesday, September 11, 2012",6:02 PM,61.3715076,-149.7143973,61.32,75.2,Unknown,,No video,,,,,
418,2192,Bear 213,"Wednesday, September 12, 2012",12:01 AM,61.3318919,-149.7043589,-16.74,73.4,Unknown,,No video,,,,,
419,2204,Bear 213,"Wednesday, September 12, 2012",6:02 AM,61.3313795,-149.7046556,42.96,68,Unknown,,No video,,,,,
420,2228,Bear 213,"Wednesday, September 12, 2012",6:01 PM,61.2873488,-149.6554796,107.44,78.8,Unknown,,No video,,,,,
421,2242,Bear 213,"Tuesday, September 25, 2012",12:01 PM,61.302375,-149.7374382,54.71,78.8,Unknown,,No video,,,,,
422,2254,Bear 213,"Tuesday, September 25, 2012",6:02 PM,61.3011264,-149.7353527,54.5,86,Unknown,,No video,,,,,
423,2266,Bear 213,"Wednesday, September 26, 2012",12:00 AM,61.3028239,-149.7388377,50.13,78.8,Unknown,,No video,,,,,
424,2278,Bear 213,"Wednesday, September 26, 2012",6:00 AM,61.3027455,-149.7385959,78.85,77,Unknown,,No video,,,,,
425,2302,Bear 213,"Wednesday, September 26, 2012",6:01 PM,61.3047253,-149.7226731,48.15,82.4,Unknown,,No video,,,,,
426,2314,Bear 213,"Thursday, September 27, 2012",12:01 AM,61.2974853,-149.7251005,46.35,75.2,Unknown,,No video,,,,,
427,2350,Bear 213,"Thursday, September 27, 2012",6:01 PM,61.3193472,-149.7617035,4.64,77,Unknown,,No video,,,,,
428,2362,Bear 213,"Friday, September 28, 2012",12:01 AM,61.3271191,-149.7676708,32.46,80.6,Unknown,,No video,,,,,
429,2374,Bear 213,"Friday, September 28, 2012",6:00 AM,61.3270896,-149.767625,34.25,84.2,Unknown,,No video,,,,,
430,2386,Bear 213,"Friday, September 28, 2012",12:01 PM,61.3151312,-149.7702602,31.41,69.8,Unknown,,No video,,,,,
431,2398,Bear 213,"Friday, September 28, 2012",6:03 PM,61.2982266,-149.7141914,56.99,75.2,Unknown,,No video,,,,,
432,2410,Bear 213,"Saturday, September 29, 2012",12:01 AM,61.2971574,-149.7178463,42.42,78.8,Unknown,,No video,,,,,
433,2434,Bear 213,"Saturday, September 29, 2012",12:00 PM,61.2995554,-149.7281829,73.96,78.8,Unknown,,No video,,,,,
434,2446,Bear 213,"Saturday, September 29, 2012",6:00 PM,61.3136104,-149.8067566,30.66,80.6,Unknown,,No video,,,,,
435,2458,Bear 213,"Sunday, September 30, 2012",12:01 AM,61.2855666,-149.7962186,47.48,68,Unknown,,No video,,,,,
436,2470,Bear 213,"Sunday, September 30, 2012",6:00 AM,61.2811175,-149.7960847,80.79,75.2,Unknown,,No video,,,,,
437,2482,Bear 213,"Sunday, September 30, 2012",12:01 PM,61.2814025,-149.7855205,90.75,78.8,Unknown,,No video,,,,,
438,2494,Bear 213,"Sunday, September 30, 2012",6:01 PM,61.2825251,-149.7865489,86.07,77,Unknown,,No video,,,,,
439,2506,Bear 213,"Monday, October 01, 2012",12:00 AM,61.2999255,-149.7412623,81.02,77,Unknown,,No video,,,,,
440,2518,Bear 213,"Monday, October 01, 2012",6:01 AM,61.2998249,-149.7412233,65.5,69.8,Unknown,,No video,,,,,
441,2530,Bear 213,"Monday, October 01, 2012",12:02 PM,61.2990789,-149.7164573,15.25,73.4,Unknown,,No video,,,,,
442,2542,Bear 213,"Monday, October 01, 2012",6:01 PM,61.2973642,-149.7142404,22.96,84.2,Unknown,,No video,,,,,
443,2554,Bear 213,"Tuesday, October 02, 2012",12:01 AM,61.3374237,-149.6654337,57.67,73.4,Unknown,,No video,,,,,
444,2578,Bear 213,"Tuesday, October 02, 2012",12:03 PM,61.3721809,-149.581008,73.91,77,Unknown,,No video,,,,,
445,2590,Bear 213,"Tuesday, October 02, 2012",6:02 PM,61.3463944,-149.5942807,56.06,77,Unknown,,No video,,,,,
446,2626,Bear 213,"Wednesday, October 03, 2012",12:02 PM,61.3061808,-149.5591482,83.63,82.4,Unknown,,No video,,,,,
447,2638,Bear 213,"Wednesday, October 03, 2012",6:01 PM,61.308427,-149.5611863,81.15,75.2,Unknown,,No video,,,,,
448,2650,Bear 213,"Thursday, October 04, 2012",12:00 AM,61.3185114,-149.6164289,49.89,71.6,Unknown,,No video,,,,,
449,2662,Bear 213,"Thursday, October 04, 2012",6:01 AM,61.3006474,-149.662416,51.8,80.6,Unknown,,No video,,,,,
450,2678,Bear 213,"Thursday, October 04, 2012",6:01 PM,61.3026353,-149.6670239,3.49,87.8,Unknown,,No video,,,,,
451,2690,Bear 213,"Friday, October 05, 2012",12:00 AM,61.3060739,-149.674444,11.49,80.6,Unknown,,No video,,,,,
452,2702,Bear 213,"Friday, October 05, 2012",6:02 AM,61.305979,-149.6741447,9.3,84.2,Unknown,,No video,,,,,
453,2714,Bear 213,"Friday, October 05, 2012",12:02 PM,61.3088688,-149.6674222,90.68,82.4,Unknown,,No video,,,,,
454,2726,Bear 213,"Friday, October 05, 2012",6:01 PM,61.3067576,-149.6699929,76.95,75.2,Unknown,,No video,,,,,
455,2733,Bear 213,"Saturday, October 06, 2012",6:10 PM,61.3247938,-149.6514184,68.17,86,Unknown,,No video,,,,,
456,2744,Bear 213,"Sunday, October 07, 2012",12:02 AM,61.3482459,-149.6671513,52.72,78.8,Unknown,,No video,,,,,
457,2756,Bear 213,"Sunday, October 07, 2012",6:03 AM,61.3482599,-149.6673126,45.03,77,Unknown,,No video,,,,,
458,2768,Bear 213,"Sunday, October 07, 2012",12:02 PM,61.3575773,-149.6776705,63.52,78.8,Unknown,,No video,,,,,
459,2780,Bear 213,"Sunday, October 07, 2012",6:00 PM,61.3598415,-149.6726816,48.78,77,Unknown,,No video,,,,,
460,2804,Bear 213,"Monday, October 08, 2012",6:01 AM,61.3565897,-149.6650023,43.87,78.8,Unknown,,No video,,,,,
461,2828,Bear 213,"Monday, October 08, 2012",6:00 PM,61.346336,-149.7057601,37.96,82.4,Unknown,,No video,,,,,
462,2840,Bear 213,"Tuesday, October 09, 2012",12:00 AM,61.3293776,-149.6897288,72.63,84.2,Unknown,,No video,,,,,
463,2852,Bear 213,"Tuesday, October 09, 2012",6:01 AM,61.3293874,-149.6896011,70.89,78.8,Unknown,,No video,,,,,
464,2864,Bear 213,"Tuesday, October 09, 2012",12:03 PM,61.2969506,-149.7257978,58.46,75.2,Unknown,,No video,,,,,
465,2876,Bear 213,"Tuesday, October 09, 2012",6:00 PM,61.2960458,-149.6725907,62.36,75.2,Unknown,,No video,,,,,
466,2900,Bear 213,"Wednesday, October 10, 2012",6:00 AM,61.3114239,-149.6870228,60.26,84.2,Unknown,,No video,,,,,
467,2912,Bear 213,"Wednesday, October 10, 2012",12:00 PM,61.3133074,-149.676546,53.7,82.4,Unknown,,No video,,,,,
468,2924,Bear 213,"Wednesday, October 10, 2012",6:01 PM,61.3106611,-149.6825115,71.44,80.6,Unknown,,No video,,,,,
469,2960,Bear 213,"Thursday, October 11, 2012",12:01 PM,61.3135497,-149.6773854,65.15,77,Unknown,,No video,,,,,
470,2972,Bear 213,"Thursday, October 11, 2012",6:00 PM,61.3132384,-149.6732103,71.59,78.8,Unknown,,No video,,,,,
471,2984,Bear 213,"Friday, October 12, 2012",12:00 AM,61.3102487,-149.6853627,28.19,77,Unknown,,No video,,,,,
472,2996,Bear 213,"Friday, October 12, 2012",6:01 AM,61.3092295,-149.6814784,57.29,82.4,Unknown,,No video,,,,,
473,3008,Bear 213,"Friday, October 12, 2012",12:00 PM,61.3233783,-149.6410467,71.24,78.8,Unknown,,No video,,,,,
474,3020,Bear 213,"Friday, October 12, 2012",6:00 PM,61.3269283,-149.6412006,81.69,75.2,Unknown,,No video,,,,,
475,3032,Bear 213,"Saturday, October 13, 2012",12:00 AM,61.3596523,-149.6720362,52.31,77,Unknown,,No video,,,,,
476,3044,Bear 213,"Saturday, October 13, 2012",6:01 AM,61.3596553,-149.6720873,54.41,77,Unknown,,No video,,,,,
477,3056,Bear 213,"Saturday, October 13, 2012",12:01 PM,61.3501854,-149.6681228,22.38,73.4,Unknown,,No video,,,,,
478,3068,Bear 213,"Saturday, October 13, 2012",6:01 PM,61.3496277,-149.6694749,42.65,71.6,Unknown,,No video,,,,,
479,3080,Bear 213,"Sunday, October 14, 2012",12:00 AM,61.3595954,-149.6721077,62.61,71.6,Unknown,,No video,,,,,
480,3092,Bear 213,"Sunday, October 14, 2012",6:00 AM,61.3597347,-149.6719673,51.86,73.4,Unknown,,No video,,,,,
481,3104,Bear 213,"Sunday, October 14, 2012",12:01 PM,61.3596385,-149.672048,26.95,73.4,Unknown,,No video,,,,,
482,311,Bear 215,"Monday, July 29, 2013",12:01 AM,61.2491661,-149.7429125,97.6,64.4,Locomotion,,Walking,,,,,
483,326,Bear 215,"Monday, July 29, 2013",6:00 AM,61.2550512,-149.7636605,80.01,60.8,Locomotion,,Walking,,,,,
484,344,Bear 215,"Monday, July 29, 2013",12:00 PM,61.2693914,-149.7507436,112.72,69.8,Resting,,,,,,,
485,359,Bear 215,"Monday, July 29, 2013",6:02 PM,61.2695322,-149.7508617,114.38,73.4,Resting,,,,,,,
486,364,Bear 215,"Monday, July 29, 2013",7:40 PM,61.2703752,-149.752362,106.22,78.8,Natural food,Bear 215 7-29-13 1940,Foraging on rose hips,,,,,
487,377,Bear 215,"Tuesday, July 30, 2013",12:02 AM,61.2726489,-149.734547,112.17,62.6,Resting,,,,,,,
488,391,Bear 215,"Tuesday, July 30, 2013",6:00 AM,61.2721109,-149.7395481,113.1,59,Locomotion,,,,,,,
489,409,Bear 215,"Tuesday, July 30, 2013",12:00 PM,61.2540453,-149.7286262,76.49,73.4,Resting,,,,,,,
490,411,Bear 215,"Tuesday, July 30, 2013",12:41 PM,61.2540612,-149.7286906,75.52,75.2,Resting,Bear 215 7-30-13 1241,"Resting, other subadult in background",,,,,
491,442,Bear 215,"Tuesday, July 30, 2013",11:21 PM,61.2553971,-149.7567513,70.28,64.4,Locomotion,Bear 215 7-30-13 2321,Following other subadult,,,,,
492,444,Bear 215,"Wednesday, July 31, 2013",12:01 AM,61.2544378,-149.7522891,115.23,64.4,Resting,,,,,,,
493,459,Bear 215,"Wednesday, July 31, 2013",6:00 AM,61.2609372,-149.7483085,79.55,55.4,Locomotion,,Walking,,,,,
494,488,Bear 215,"Wednesday, July 31, 2013",4:21 PM,61.2691987,-149.7449448,99.4,82.4,Other,Bear 215 7-31-13 1621,In pond (likely eating) with other subadult in view,,,,,
495,492,Bear 215,"Wednesday, July 31, 2013",5:40 PM,61.2715147,-149.7452267,103.9,78.8,Natural food,Bear 215 7-31-13 1740,Foraging on raspberries,,,,,
496,493,Bear 215,"Wednesday, July 31, 2013",6:00 PM,61.2718528,-149.7443585,101.5,78.8,Natural food,,Foraging on Equisetum (horse tail),,,,,
497,511,Bear 215,"Thursday, August 01, 2013",12:02 AM,61.2710171,-149.7139016,92.1,62.6,Resting,,,,,,,
498,529,Bear 215,"Thursday, August 01, 2013",6:01 AM,61.2786611,-149.6685681,123.59,59,Natural food,,Foraging on devil's club berries,,,,,
499,547,Bear 215,"Thursday, August 01, 2013",12:00 PM,61.2783666,-149.6712987,131.31,68,Resting,,,,,,,
500,564,Bear 215,"Thursday, August 01, 2013",5:41 PM,61.2792013,-149.6715919,117.97,75.2,Locomotion,Bear 215 8-01-13 1741,Looking for a way under a fence that has been blocked by large rocks,,,,,
501,565,Bear 215,"Thursday, August 01, 2013",6:01 PM,61.2812297,-149.6755522,132.09,73.4,Locomotion,,Walking,,,,,
502,575,Bear 215,"Thursday, August 01, 2013",9:21 PM,61.2967784,-149.7241864,41.6,69.8,Other,Bear 215 8-01-13 2121,"On beaver dam, walks up to foam in stream and takes a bite",,,,,
503,583,Bear 215,"Friday, August 02, 2013",12:00 AM,61.2886629,-149.7685339,70.55,60.8,Resting,,,,,,,
504,600,Bear 215,"Friday, August 02, 2013",5:40 AM,61.2863909,-149.7735313,73.55,60.8,Anthropogenic,Bear 215 8-02-13 540,Other subadult in trash,,,,,
505,601,Bear 215,"Friday, August 02, 2013",6:01 AM,61.2866821,-149.7750257,71.74,60.8,Locomotion,,Stand and look,,,,,
506,619,Bear 215,"Friday, August 02, 2013",12:00 PM,61.2827208,-149.7792246,45.61,69.8,Resting,,,,,,,
507,638,Bear 215,"Friday, August 02, 2013",8:02 PM,61.2901037,-149.8173158,33.92,68,Other,Bear 215 8-02-13 2002,"In tree with other subadult, use 20:05 clip as well",,,,,
508,650,Bear 215,"Saturday, August 03, 2013",12:02 AM,61.2819019,-149.7950992,109.29,64.4,Resting,,,,,,,
509,668,Bear 215,"Saturday, August 03, 2013",6:01 AM,61.2845522,-149.7971887,47.83,60.8,Natural food,,Foraging on Equisetum (horse tail),,,,,
510,673,Bear 215,"Saturday, August 03, 2013",7:40 AM,61.285876,-149.8019096,51.4,62.6,Resting,Bear 215 8-03-13 740,Resting with other subadult in background,,,,,
511,682,Bear 215,"Saturday, August 03, 2013",12:00 PM,61.283816,-149.8013151,56.29,68,Resting,,,,,,,
512,692,Bear 215,"Saturday, August 03, 2013",3:21 PM,61.2837256,-149.800707,41.28,69.8,Natural food,Bear 215 8-03-13 1521,Foraging on devil's club berries,,,,,
513,693,Bear 215,"Saturday, August 03, 2013",3:41 PM,61.2837965,-149.8006642,39.23,73.4,Other,Bear 215 8-03-13 1541,Interacting with other subadult,,,,,
514,698,Bear 215,"Saturday, August 03, 2013",6:02 PM,61.2838507,-149.8002562,38.21,71.6,Natural food,,Foraging on devil's club berries,,,,,
515,700,Bear 215,"Saturday, August 03, 2013",6:40 PM,61.2852714,-149.8028804,48.39,75.2,Locomotion,Bear 215 8-03-13 1840,Swimming in pond,,,,,
516,707,Bear 215,"Saturday, August 03, 2013",9:00 PM,61.2886921,-149.81626,36.84,66.2,Locomotion,Bear 215 8-03-13 2100,Walking across road with other subadult,,,,,
517,716,Bear 215,"Sunday, August 04, 2013",12:00 AM,61.2848516,-149.809069,74.02,62.6,Resting,,,,,,,
518,733,Bear 215,"Sunday, August 04, 2013",6:01 AM,61.2817165,-149.8048936,59.04,62.6,Other,,Play bout with other subadult,,,,,
519,742,Bear 215,"Sunday, August 04, 2013",9:00 AM,61.2829353,-149.8246171,47.34,64.4,Locomotion,Bear 215 8-04-13 900,"Running through brush, comes into clearing, then climbs tree",,,,,
520,743,Bear 215,"Sunday, August 04, 2013",9:21 AM,61.2856145,-149.8293291,43.41,62.6,Locomotion,Bear 215 8-04-13 921,Climbing down tree,,,,,
521,750,Bear 215,"Sunday, August 04, 2013",12:02 PM,61.2856417,-149.8290866,18.94,75.2,Resting,,,,,,,
522,756,Bear 215,"Sunday, August 04, 2013",3:21 PM,61.2864368,-149.841441,-6.79,71.6,Locomotion,Bear 215 8-04-13 1521,"Running down beach, then playbout with other subadult",,,,,
523,764,Bear 215,"Sunday, August 04, 2013",6:03 PM,61.2935328,-149.8321187,7.06,66.2,Natural food,,Fishing in stream,,,,,
524,770,Bear 215,"Sunday, August 04, 2013",8:01 PM,61.2936939,-149.8329299,25.74,66.2,Natural food,Bear 215 8-04-13 2001,Walks up to other subadult and steals fish,,,,,
525,782,Bear 215,"Monday, August 05, 2013",12:00 AM,61.3048324,-149.8249305,15.4,62.6,Resting,,,,,,,
526,797,Bear 215,"Monday, August 05, 2013",6:00 AM,61.3156873,-149.8081435,23.72,64.4,Natural food,,Foraging on devil's club berries,,,,,
527,802,Bear 215,"Monday, August 05, 2013",7:40 AM,61.3159116,-149.8094863,32.84,64.4,Other,Bear 215 8-05-13 740,Play bout with other subadult in the surf,,,,,
528,815,Bear 215,"Monday, August 05, 2013",12:00 PM,61.3227072,-149.787771,11.84,66.2,Resting,,,,,,,
529,831,Bear 215,"Monday, August 05, 2013",5:20 PM,61.3209518,-149.7920903,39.05,71.6,Natural food,Bear 215 8-05-13 1720,"Eating devil's club berries, licking them off paw",,,,,
530,833,Bear 215,"Monday, August 05, 2013",6:00 PM,61.3193758,-149.7997508,6.31,71.6,Locomotion,,Running on beach,,,,,
531,851,Bear 215,"Tuesday, August 06, 2013",12:01 AM,61.291827,-149.7985707,50.74,62.6,Locomotion,,Walking,,,,,
532,869,Bear 215,"Tuesday, August 06, 2013",6:00 AM,61.2856898,-149.8114875,29.69,55.4,Locomotion,,Stand and look,,,,,
533,887,Bear 215,"Tuesday, August 06, 2013",12:01 PM,61.28239,-149.8037043,58.97,69.8,Resting,,,,,,,
534,903,Bear 215,"Tuesday, August 06, 2013",6:02 PM,61.2824089,-149.8054184,64.65,73.4,Other,,Play bout with other subadult,,,,,
535,920,Bear 215,"Wednesday, August 07, 2013",12:02 AM,61.2838263,-149.7980597,79.6,64.4,Resting,,,,,,,
536,933,Bear 215,"Wednesday, August 07, 2013",6:00 AM,61.284657,-149.7984817,35.73,62.6,Natural food,,Foraging on devil's club berries,,,,,
537,950,Bear 215,"Wednesday, August 07, 2013",12:02 PM,61.2835376,-149.8000822,65.3,64.4,Resting,,,,,,,
538,959,Bear 215,"Wednesday, August 07, 2013",4:01 PM,61.2838468,-149.8006521,43.01,68,Other,Bear 215 8-07-13 1601,"Play bout with other subadult. This behavior is called ""jawing""",,,,,
539,965,Bear 215,"Wednesday, August 07, 2013",6:00 PM,61.2845696,-149.8082967,54.75,66.2,Resting,,,,,,,
540,998,Bear 215,"Thursday, August 08, 2013",6:01 AM,61.2787975,-149.8016934,97.01,64.4,Natural food,,Foraging on devil's club berries,,,,,
541,1015,Bear 215,"Thursday, August 08, 2013",12:00 PM,61.2791002,-149.7951713,91.07,66.2,Resting,,,,,,,
542,1033,Bear 215,"Thursday, August 08, 2013",6:01 PM,61.2707391,-149.8168618,102.24,64.4,Natural food,,Foraging on devil's club berries,,,,,
543,1039,Bear 215,"Thursday, August 08, 2013",8:00 PM,61.2883495,-149.8352173,15.57,64.4,Locomotion,Bear 215 8-08-13 2000,Walking down gravel road,,,,,
544,1041,Bear 215,"Thursday, August 08, 2013",8:41 PM,61.293852,-149.8309741,13.81,64.4,Natural food,Bear 215 8-08-13 2041,"Catches fish, other subadult tries to grab fish",,,,,
545,1048,Bear 215,"Thursday, August 08, 2013",11:01 PM,61.2948646,-149.8142034,53.49,62.6,Anthropogenic,Bear 215 8-08-13 2301,Checking out barbeque grill,,,,,
546,1051,Bear 215,"Friday, August 09, 2013",12:02 AM,61.2972886,-149.811922,46.95,64.4,Resting,,,,,,,
547,1067,Bear 215,"Friday, August 09, 2013",6:00 AM,61.2921265,-149.7939591,42.72,57.2,Resting,,,,,,,
548,1083,Bear 215,"Friday, August 09, 2013",12:01 PM,61.2867499,-149.7817972,59.62,62.6,Resting,,,,,,,
549,1098,Bear 215,"Friday, August 09, 2013",6:02 PM,61.2838347,-149.7750459,38.04,62.6,Resting,,,,,,,
550,1104,Bear 215,"Friday, August 09, 2013",8:00 PM,61.2807188,-149.7614555,83.47,62.6,Natural food,Bear 215 8-09-13 2000,Foraging on devil's club berries,,,,,
551,1115,Bear 215,"Saturday, August 10, 2013",12:02 AM,61.2801117,-149.7718663,89.75,62.6,Resting,,,,,,,
552,1132,Bear 215,"Saturday, August 10, 2013",6:01 AM,61.2777119,-149.7695827,77.78,60.8,Locomotion,,Stand and look,,,,,
553,1146,Bear 215,"Saturday, August 10, 2013",10:40 AM,61.2724989,-149.7544263,90.54,60.8,Locomotion,Bear 215 8-10-13 1040,"Watching sow with 2 cub on railroad tracks, then walks down tracks",,,,,
554,1150,Bear 215,"Saturday, August 10, 2013",12:01 PM,61.2863992,-149.7398322,29.72,62.6,Locomotion,,Running across bog,,,,,
555,1166,Bear 215,"Saturday, August 10, 2013",5:40 PM,61.2884756,-149.7294529,36.38,68,Locomotion,Bear 215 8-10-13 1740,"Walking in bog, then swimming",,,,,
556,1167,Bear 215,"Saturday, August 10, 2013",6:00 PM,61.2950004,-149.7284589,25.82,64.4,Locomotion,,Walking down stream,,,,,
557,1185,Bear 215,"Sunday, August 11, 2013",12:00 AM,61.2928484,-149.8344853,3.23,60.8,Locomotion,,Walking down road at night,,,,,
558,1202,Bear 215,"Sunday, August 11, 2013",6:00 AM,61.2922551,-149.8348246,9.79,62.6,Resting,,,,,,,
559,1217,Bear 215,"Sunday, August 11, 2013",12:01 PM,61.3175119,-149.8028072,13.93,68,Resting,,,,,,,
560,1235,Bear 215,"Sunday, August 11, 2013",6:01 PM,61.3178865,-149.78477,44.67,66.2,Locomotion,,Walking in a field,,,,,
561,1253,Bear 215,"Monday, August 12, 2013",12:00 AM,61.3188496,-149.7996287,37.25,66.2,Resting,,,,,,,
562,1271,Bear 215,"Monday, August 12, 2013",6:00 AM,61.3187847,-149.7996583,17.27,62.6,Resting,,,,,,,
563,1289,Bear 215,"Monday, August 12, 2013",12:00 PM,61.2944255,-149.8260434,28.98,68,Resting,,,,,,,
564,1307,Bear 215,"Monday, August 12, 2013",6:01 PM,61.2805864,-149.8457388,26.55,77,Natural food,,Foraging on devil's club berries,,,,,
565,1320,Bear 215,"Tuesday, August 13, 2013",12:03 AM,61.2552189,-149.8790681,1.33,68,Resting,,,,,,,
566,1336,Bear 215,"Tuesday, August 13, 2013",6:01 AM,61.2554274,-149.8792735,37.63,69.8,Resting,,,,,,,
567,1354,Bear 215,"Tuesday, August 13, 2013",12:02 PM,61.2892981,-149.8202016,51.16,68,Resting,,,,,,,
568,1371,Bear 215,"Tuesday, August 13, 2013",6:01 PM,61.2942268,-149.8322035,31.99,68,Natural food,,Feeding on a salmon,,,,,
569,1389,Bear 215,"Wednesday, August 14, 2013",12:01 AM,61.3027637,-149.8241676,19.6,60.8,Resting,,,,,,,
570,1404,Bear 215,"Wednesday, August 14, 2013",6:01 AM,61.3027602,-149.8243019,19.81,62.6,Resting,,,,,,,
571,1422,Bear 215,"Wednesday, August 14, 2013",12:02 PM,61.2935583,-149.8318377,32.88,64.4,Locomotion,,Walking down stream fishing,,,,,
572,1435,Bear 215,"Wednesday, August 14, 2013",6:01 PM,61.3014098,-149.82654,21.25,68,Natural food,,Foraging for devil's club berries,,,,,
573,1439,Bear 215,"Wednesday, August 14, 2013",7:22 PM,61.293524,-149.8275702,47.51,68,Natural food,Bear 215 8-14-13 1922,Catches fish,,,,,
574,1453,Bear 215,"Thursday, August 15, 2013",12:00 AM,61.3029668,-149.805846,28.87,64.4,Resting,,,,,,,
575,1468,Bear 215,"Thursday, August 15, 2013",6:00 AM,61.3031932,-149.8059446,27.6,64.4,Resting,,,,,,,
576,1486,Bear 215,"Thursday, August 15, 2013",12:00 PM,61.3160258,-149.7995752,44.12,68,Resting,,,,,,,
577,1504,Bear 215,"Thursday, August 15, 2013",6:03 PM,61.2936859,-149.8322154,31.93,71.6,Locomotion,,Stand and look,,,,,
578,1522,Bear 215,"Friday, August 16, 2013",12:02 AM,61.2840016,-149.7980494,67.76,64.4,Resting,,,,,,,
579,1540,Bear 215,"Friday, August 16, 2013",6:02 AM,61.2839905,-149.7982522,54.75,62.6,Resting,,,,,,,
580,1553,Bear 215,"Friday, August 16, 2013",10:20 AM,61.28567,-149.8136768,40.03,64.4,Natural food,Bear 215 8-16-13 1020,Stripping and eating cambium layer from tree,,,,,
581,1558,Bear 215,"Friday, August 16, 2013",12:00 PM,61.2854653,-149.8158456,50.24,66.2,Resting,,,,,,,
582,1576,Bear 215,"Friday, August 16, 2013",6:01 PM,61.2945073,-149.8016035,35.39,68,Resting,,,,,,,
583,1578,Bear 215,"Friday, August 16, 2013",6:42 PM,61.2944951,-149.8015443,46.4,66.2,Natural food,Bear 215 8-16-13 1842,Raiding squirrel midden,,,,,
584,1579,Bear 215,"Friday, August 16, 2013",7:00 PM,61.2946966,-149.8006395,54.62,66.2,Locomotion,Bear 215 8-16-13 1900,Swimming in pond,,,,,
585,1589,Bear 215,"Friday, August 16, 2013",10:20 PM,61.3052802,-149.807316,40.52,62.6,Locomotion,Bear 215 8-16-13 2220,Camera is underwater at night; bear walking in pond,,,,,
586,1594,Bear 215,"Saturday, August 17, 2013",12:02 AM,61.3044153,-149.8144698,19.18,62.6,Resting,,,,,,,
587,1611,Bear 215,"Saturday, August 17, 2013",6:00 AM,61.304379,-149.8144469,15.69,62.6,Resting,,,,,,,
588,1629,Bear 215,"Saturday, August 17, 2013",12:01 PM,61.3102789,-149.8113515,5.83,68,Resting,,,,,,,
589,1644,Bear 215,"Saturday, August 17, 2013",5:01 PM,61.3208721,-149.7868463,40.49,71.6,Locomotion,Bear 215 8-17-13 1701,"Climbs out of water, shakes, then starts walking on bog",,,,,
590,1647,Bear 215,"Saturday, August 17, 2013",6:01 PM,61.3211596,-149.7772752,41.2,73.4,Natural food,Bear 215 8-17-13 1801,Chewing on a shed moose antler,,,,,
591,1665,Bear 215,"Sunday, August 18, 2013",12:00 AM,61.2881332,-149.8156088,42.45,64.4,Unknown,,Too dark,,,,,
592,1683,Bear 215,"Sunday, August 18, 2013",6:02 AM,61.2798416,-149.8056068,50.37,62.6,Locomotion,,Stand and look,,,,,
593,1701,Bear 215,"Sunday, August 18, 2013",12:01 PM,61.2792057,-149.803839,74.37,68,Resting,,,,,,,
594,1719,Bear 215,"Sunday, August 18, 2013",6:00 PM,61.2790174,-149.8037863,75.61,69.8,Resting,,,,,,,
595,1737,Bear 215,"Monday, August 19, 2013",12:00 AM,61.2790172,-149.8036199,76.76,71.6,Resting,,,,,,,
596,1755,Bear 215,"Monday, August 19, 2013",6:00 AM,61.2791398,-149.8037444,129.71,60.8,Resting,,,,,,,
597,1772,Bear 215,"Monday, August 19, 2013",12:01 PM,61.2650185,-149.8124848,73.1,64.4,Resting,,,,,,,
598,1787,Bear 215,"Monday, August 19, 2013",5:02 PM,61.2649768,-149.8124204,68.8,66.2,Resting,Bear 215 8-19-13 1702,Resting,,,,,
599,1790,Bear 215,"Monday, August 19, 2013",6:02 PM,61.2648946,-149.8124095,62.42,66.2,Resting,,,,,,,
600,1807,Bear 215,"Tuesday, August 20, 2013",12:00 AM,61.264698,-149.8123407,63.03,59,Resting,,,,,,,
601,1825,Bear 215,"Tuesday, August 20, 2013",6:00 AM,61.2647785,-149.8123152,78.64,66.2,Resting,,,,,,,
602,1842,Bear 215,"Tuesday, August 20, 2013",11:40 AM,61.2660489,-149.8173526,103.66,69.8,Natural food,Bear 215 8-20-13 1140,Foraging on highbush cranberry,,,,,
603,1843,Bear 215,"Tuesday, August 20, 2013",12:02 PM,61.2658843,-149.8169712,104.59,69.8,Locomotion,,Stand and look,,,,,
604,1861,Bear 215,"Tuesday, August 20, 2013",6:01 PM,61.2661164,-149.8161295,81.29,62.6,Resting,,,,,,,
605,1879,Bear 215,"Wednesday, August 21, 2013",12:01 AM,61.2648979,-149.812341,74.76,64.4,Resting,,,,,,,
606,1897,Bear 215,"Wednesday, August 21, 2013",6:00 AM,61.2649231,-149.8123732,77.79,60.8,Resting,,,,,,,
607,1915,Bear 215,"Wednesday, August 21, 2013",12:01 PM,61.2628834,-149.8170987,73.54,68,Resting,,,,,,,
608,1933,Bear 215,"Wednesday, August 21, 2013",6:01 PM,61.2733997,-149.8537348,10.44,64.4,Locomotion,,Walking down beach,,,,,
609,1951,Bear 215,"Thursday, August 22, 2013",12:01 AM,61.271752,-149.8544054,7.3,60.8,Resting,,,,,,,
610,1969,Bear 215,"Thursday, August 22, 2013",6:00 AM,61.2718547,-149.8544511,20.41,60.8,Resting,,,,,,,
611,1987,Bear 215,"Thursday, August 22, 2013",12:02 PM,61.2667413,-149.8641221,23.72,64.4,Natural food,,Foraging on devil's club berries,,,,,
612,2005,Bear 215,"Thursday, August 22, 2013",6:02 PM,61.302575,-149.8250859,8.31,64.4,Natural food,,Foraging on devil's club berries,,,,,
613,2023,Bear 215,"Friday, August 23, 2013",12:00 AM,61.3040848,-149.8228747,27.94,59,Resting,,,,,,,
614,2041,Bear 215,"Friday, August 23, 2013",6:00 AM,61.3040992,-149.8229002,31.62,64.4,Resting,,,,,,,
615,2059,Bear 215,"Friday, August 23, 2013",12:01 PM,61.3121459,-149.8125508,52.71,68,Resting,,,,,,,
616,2077,Bear 215,"Friday, August 23, 2013",6:00 PM,61.315838,-149.808211,25.93,69.8,Unknown,,No video,,,,,
617,2095,Bear 215,"Saturday, August 24, 2013",12:00 AM,61.3162168,-149.8070454,24.5,62.6,Unknown,,No video,,,,,
618,2113,Bear 215,"Saturday, August 24, 2013",6:00 AM,61.3161897,-149.8072226,36.41,57.2,Unknown,,No video,,,,,
619,2131,Bear 215,"Saturday, August 24, 2013",12:01 PM,61.312102,-149.8125605,16.63,69.8,Unknown,,No video,,,,,
620,2149,Bear 215,"Saturday, August 24, 2013",6:00 PM,61.3168787,-149.8048348,37.72,71.6,Unknown,,No video,,,,,
621,2167,Bear 215,"Sunday, August 25, 2013",12:01 AM,61.3045193,-149.8012726,51.6,59,Unknown,,No video,,,,,
622,2185,Bear 215,"Sunday, August 25, 2013",6:01 AM,61.3044532,-149.8012201,48.79,53.6,Unknown,,No video,,,,,
623,2202,Bear 215,"Sunday, August 25, 2013",12:02 PM,61.289396,-149.8181264,37.21,62.6,Resting,,,,,,,
624,2218,Bear 215,"Sunday, August 25, 2013",6:02 PM,61.3040258,-149.8060254,30.4,73.4,Unknown,,No video,,,,,
625,2236,Bear 215,"Monday, August 26, 2013",12:01 AM,61.2939888,-149.8260097,57.91,59,Unknown,,No video,,,,,
626,2254,Bear 215,"Monday, August 26, 2013",6:00 AM,61.2943527,-149.8162529,40.27,53.6,Unknown,,No video,,,,,
627,2289,Bear 215,"Monday, August 26, 2013",6:00 PM,61.2961859,-149.8110268,27.59,75.2,Unknown,,No video,,,,,
628,2307,Bear 215,"Tuesday, August 27, 2013",12:00 AM,61.2853755,-149.8175921,31.78,55.4,Unknown,,No video,,,,,
629,2325,Bear 215,"Tuesday, August 27, 2013",6:02 AM,61.2852999,-149.8175475,40.95,55.4,Unknown,,No video,,,,,
630,2341,Bear 215,"Tuesday, August 27, 2013",12:01 PM,61.2835276,-149.7797437,36.26,73.4,Unknown,,No video,,,,,
631,2355,Bear 215,"Tuesday, August 27, 2013",6:02 PM,61.28453,-149.7742653,42.34,64.4,Unknown,,No video,,,,,
632,2372,Bear 215,"Wednesday, August 28, 2013",12:02 AM,61.2922861,-149.7829009,61.49,62.6,Unknown,,No video,,,,,
633,2387,Bear 215,"Wednesday, August 28, 2013",6:01 AM,61.2949129,-149.7819562,55.1,60.8,Unknown,,No video,,,,,
634,2405,Bear 215,"Wednesday, August 28, 2013",12:01 PM,61.3013732,-149.827022,23.48,71.6,Unknown,,No video,,,,,
635,2421,Bear 215,"Wednesday, August 28, 2013",6:00 PM,61.3104004,-149.8153054,26.92,66.2,Unknown,,No video,,,,,
636,2439,Bear 215,"Thursday, August 29, 2013",12:00 AM,61.3187731,-149.8002791,17.98,59,Unknown,,No video,,,,,
637,2457,Bear 215,"Thursday, August 29, 2013",6:00 AM,61.3181207,-149.8005935,40.65,59,Unknown,,No video,,,,,
638,2475,Bear 215,"Thursday, August 29, 2013",12:02 PM,61.31717,-149.7768168,34.78,68,Unknown,,No video,,,,,
639,2493,Bear 215,"Thursday, August 29, 2013",6:00 PM,61.3075567,-149.8189395,16.81,64.4,Unknown,,No video,,,,,
640,2500,Bear 215,"Thursday, August 29, 2013",8:20 PM,61.2944166,-149.8158864,40.93,64.4,Locomotion,Bear 215 8-29-13 2020,Walking down road past building,,,,,
641,2524,Bear 215,"Friday, August 30, 2013",6:01 AM,61.2992581,-149.8091611,46.5,62.6,Unknown,,No video,,,,,
642,2542,Bear 215,"Friday, August 30, 2013",12:02 PM,61.2958517,-149.8092733,66.22,68,Unknown,,No video,,,,,
643,2560,Bear 215,"Friday, August 30, 2013",6:00 PM,61.3104907,-149.8000446,79.55,71.6,Unknown,,No video,,,,,
644,2578,Bear 215,"Saturday, August 31, 2013",12:01 AM,61.3136564,-149.8115451,47.24,62.6,Unknown,,No video,,,,,
645,2610,Bear 215,"Saturday, August 31, 2013",12:00 PM,61.3020169,-149.8216268,46.92,62.6,Unknown,,No video,,,,,
646,2628,Bear 215,"Saturday, August 31, 2013",6:01 PM,61.322295,-149.7890849,1.63,64.4,Unknown,,No video,,,,,
647,2646,Bear 215,"Sunday, September 01, 2013",12:00 AM,61.3236039,-149.7847493,46.08,62.6,Unknown,,No video,,,,,
648,2664,Bear 215,"Sunday, September 01, 2013",6:02 AM,61.3239662,-149.785411,47.94,60.8,Unknown,,No video,,,,,
649,2680,Bear 215,"Sunday, September 01, 2013",12:01 PM,61.3178539,-149.8026156,26.14,64.4,Unknown,,No video,,,,,
650,2698,Bear 215,"Sunday, September 01, 2013",6:01 PM,61.2942916,-149.829807,20.05,64.4,Unknown,,No video,,,,,
651,2716,Bear 215,"Monday, September 02, 2013",12:02 AM,61.2949066,-149.8079719,25.85,64.4,Unknown,,No video,,,,,
652,2733,Bear 215,"Monday, September 02, 2013",6:00 AM,61.2949119,-149.8080522,50.61,59,Unknown,,No video,,,,,
653,2751,Bear 215,"Monday, September 02, 2013",12:01 PM,61.3081978,-149.8187637,14.19,69.8,Unknown,,No video,,,,,
654,2769,Bear 215,"Monday, September 02, 2013",6:00 PM,61.3137689,-149.8120107,6.18,62.6,Unknown,,No video,,,,,
655,2787,Bear 215,"Tuesday, September 03, 2013",12:03 AM,61.3120783,-149.8125403,20.35,60.8,Unknown,,No video,,,,,
656,2805,Bear 215,"Tuesday, September 03, 2013",6:01 AM,61.3158375,-149.808473,30.52,60.8,Unknown,,No video,,,,,
657,2822,Bear 215,"Tuesday, September 03, 2013",12:01 PM,61.2931263,-149.8264683,28.45,71.6,Unknown,,No video,,,,,
658,2839,Bear 215,"Tuesday, September 03, 2013",6:00 PM,61.3129986,-149.812311,39.48,77,Unknown,,No video,,,,,
659,2857,Bear 215,"Wednesday, September 04, 2013",12:01 AM,61.3148581,-149.805785,32.11,60.8,Unknown,,No video,,,,,
660,2875,Bear 215,"Wednesday, September 04, 2013",6:01 AM,61.3147364,-149.8064512,31.55,59,Unknown,,No video,,,,,
661,2893,Bear 215,"Wednesday, September 04, 2013",12:01 PM,61.3131912,-149.8110725,48.25,69.8,Unknown,,No video,,,,,
662,2911,Bear 215,"Wednesday, September 04, 2013",6:00 PM,61.2934249,-149.8326729,4.53,62.6,Unknown,,No video,,,,,
663,2929,Bear 215,"Thursday, September 05, 2013",12:01 AM,61.2822967,-149.8306946,40.72,60.8,Unknown,,No video,,,,,
664,2944,Bear 215,"Thursday, September 05, 2013",6:00 AM,61.2803331,-149.8419298,51.14,57.2,Unknown,,No video,,,,,
665,2962,Bear 215,"Thursday, September 05, 2013",12:01 PM,61.27099,-149.8555682,34.46,60.8,Unknown,,No video,,,,,
666,2980,Bear 215,"Thursday, September 05, 2013",6:00 PM,61.2993869,-149.8091546,46.62,69.8,Unknown,,No video,,,,,
667,2998,Bear 215,"Friday, September 06, 2013",12:01 AM,61.2945792,-149.7841285,43.55,59,Unknown,,No video,,,,,
668,3031,Bear 215,"Friday, September 06, 2013",12:00 PM,61.2914003,-149.8156096,44.86,59,Unknown,,No video,,,,,
669,3049,Bear 215,"Friday, September 06, 2013",6:00 PM,61.3111002,-149.8128349,30.98,68,Unknown,,No video,,,,,
670,3067,Bear 215,"Saturday, September 07, 2013",12:01 AM,61.311984,-149.8125467,27.24,60.8,Unknown,,No video,,,,,
671,3083,Bear 215,"Saturday, September 07, 2013",6:00 AM,61.3120008,-149.8124232,19.38,60.8,Unknown,,No video,,,,,
672,3100,Bear 215,"Saturday, September 07, 2013",12:00 PM,61.3120078,-149.8125265,40.62,64.4,Unknown,,No video,,,,,
673,3118,Bear 215,"Saturday, September 07, 2013",6:01 PM,61.3120544,-149.8134375,34.35,69.8,Unknown,,No video,,,,,
674,3136,Bear 215,"Sunday, September 08, 2013",12:01 AM,61.3104682,-149.8127354,36.47,64.4,Unknown,,No video,,,,,
675,3154,Bear 215,"Sunday, September 08, 2013",6:00 AM,61.3128575,-149.8126345,35.54,60.8,Unknown,,No video,,,,,
676,3170,Bear 215,"Sunday, September 08, 2013",12:00 PM,61.3134867,-149.8107065,38.21,66.2,Unknown,,No video,,,,,
677,3187,Bear 215,"Sunday, September 08, 2013",6:00 PM,61.3118261,-149.8123246,31.18,69.8,Unknown,,No video,,,,,
678,3205,Bear 215,"Monday, September 09, 2013",12:01 AM,61.3159922,-149.8075128,6.27,62.6,Unknown,,No video,,,,,
679,3238,Bear 215,"Monday, September 09, 2013",12:01 PM,61.3217623,-149.7909855,42.07,64.4,Unknown,,No video,,,,,
680,3256,Bear 215,"Monday, September 09, 2013",6:00 PM,61.3207236,-149.7938467,6.23,68,Unknown,,No video,,,,,
681,3274,Bear 215,"Tuesday, September 10, 2013",12:01 AM,61.311912,-149.8125479,29.36,64.4,Unknown,,No video,,,,,
682,3292,Bear 215,"Tuesday, September 10, 2013",6:01 AM,61.3119256,-149.8125021,39.93,59,Unknown,,No video,,,,,
683,3310,Bear 215,"Tuesday, September 10, 2013",12:00 PM,61.3112726,-149.8134949,35.29,66.2,Unknown,,No video,,,,,
684,3328,Bear 215,"Tuesday, September 10, 2013",6:00 PM,61.3132867,-149.8040309,54.97,68,Unknown,,No video,,,,,
685,3346,Bear 215,"Wednesday, September 11, 2013",12:01 AM,61.2991659,-149.8095235,47.56,62.6,Unknown,,No video,,,,,
686,3361,Bear 215,"Wednesday, September 11, 2013",6:01 AM,61.2998046,-149.8078205,49.64,60.8,Unknown,,No video,,,,,
687,3379,Bear 215,"Wednesday, September 11, 2013",12:02 PM,61.2843332,-149.8010503,48.66,62.6,Unknown,,No video,,,,,
688,3397,Bear 215,"Wednesday, September 11, 2013",6:00 PM,61.2848494,-149.7825495,23.98,64.4,Unknown,,No video,,,,,
689,3414,Bear 215,"Thursday, September 12, 2013",12:00 AM,61.2996369,-149.7923205,61.01,64.4,Unknown,,No video,,,,,
690,3432,Bear 215,"Thursday, September 12, 2013",6:00 AM,61.2994771,-149.7926454,41.12,64.4,Unknown,,No video,,,,,
691,3448,Bear 215,"Thursday, September 12, 2013",12:00 PM,61.2995278,-149.7922007,77.92,68,Unknown,,No video,,,,,
692,3466,Bear 215,"Thursday, September 12, 2013",6:00 PM,61.2967407,-149.7888876,63.28,68,Unknown,,No video,,,,,
693,3484,Bear 215,"Friday, September 13, 2013",12:01 AM,61.2995459,-149.7923619,71.12,64.4,Unknown,,No video,,,,,
694,3501,Bear 215,"Friday, September 13, 2013",6:01 AM,61.2955602,-149.7937403,49.81,57.2,Unknown,,No video,,,,,
695,3516,Bear 215,"Friday, September 13, 2013",12:02 PM,61.2973577,-149.7863438,53,62.6,Unknown,,No video,,,,,
696,3534,Bear 215,"Friday, September 13, 2013",6:00 PM,61.2995831,-149.7924172,43.77,73.4,Unknown,,No video,,,,,
697,3565,Bear 215,"Saturday, September 14, 2013",6:02 AM,61.2995627,-149.792315,65.54,62.6,Unknown,,No video,,,,,
698,3580,Bear 215,"Saturday, September 14, 2013",12:01 PM,61.2955101,-149.7936101,31.2,62.6,Unknown,,No video,,,,,
699,3598,Bear 215,"Saturday, September 14, 2013",6:00 PM,61.2995963,-149.7923246,45.25,71.6,Unknown,,No video,,,,,
700,3616,Bear 215,"Sunday, September 15, 2013",12:00 AM,61.299126,-149.7918712,48.86,57.2,Unknown,,No video,,,,,
701,3634,Bear 215,"Sunday, September 15, 2013",6:00 AM,61.2994441,-149.792437,64.79,55.4,Unknown,,No video,,,,,
702,3652,Bear 215,"Sunday, September 15, 2013",12:01 PM,61.2997437,-149.7919043,56.77,64.4,Unknown,,No video,,,,,
703,3670,Bear 215,"Sunday, September 15, 2013",6:00 PM,61.2997799,-149.7925987,64.82,71.6,Unknown,,No video,,,,,
704,3688,Bear 215,"Monday, September 16, 2013",12:02 AM,61.2934808,-149.7816282,52.43,57.2,Unknown,,No video,,,,,
705,3720,Bear 215,"Monday, September 16, 2013",12:00 PM,61.2948231,-149.7927509,41.2,59,Unknown,,No video,,,,,
706,3738,Bear 215,"Monday, September 16, 2013",6:01 PM,61.3025285,-149.7913378,55.61,68,Unknown,,No video,,,,,
707,3756,Bear 215,"Tuesday, September 17, 2013",12:00 AM,61.3044874,-149.8005781,44.42,62.6,Unknown,,No video,,,,,
708,3774,Bear 215,"Tuesday, September 17, 2013",6:00 AM,61.3010091,-149.7976438,57.1,60.8,Unknown,,No video,,,,,
709,3792,Bear 215,"Tuesday, September 17, 2013",12:02 PM,61.2901567,-149.8365558,14.72,62.6,Unknown,,No video,,,,,
710,3810,Bear 215,"Tuesday, September 17, 2013",6:00 PM,61.3136575,-149.8099235,34.64,64.4,Unknown,,No video,,,,,
711,3828,Bear 215,"Wednesday, September 18, 2013",12:01 AM,61.3143955,-149.80162,42.07,57.2,Unknown,,No video,,,,,
712,3841,Bear 215,"Wednesday, September 18, 2013",6:01 AM,61.3145934,-149.8018297,68.76,55.4,Unknown,,No video,,,,,
713,3859,Bear 215,"Wednesday, September 18, 2013",12:00 PM,61.2976595,-149.790209,60.81,59,Unknown,,No video,,,,,
714,3877,Bear 215,"Wednesday, September 18, 2013",6:00 PM,61.2971663,-149.7907255,30.47,62.6,Unknown,,No video,,,,,
715,3895,Bear 215,"Thursday, September 19, 2013",12:00 AM,61.2886231,-149.7855934,63.86,59,Unknown,,No video,,,,,
716,3928,Bear 215,"Thursday, September 19, 2013",12:02 PM,61.2896831,-149.7767943,49.33,66.2,Unknown,,No video,,,,,
717,3946,Bear 215,"Thursday, September 19, 2013",6:00 PM,61.2906175,-149.7870235,32.21,64.4,Unknown,,No video,,,,,
718,3964,Bear 215,"Friday, September 20, 2013",12:01 AM,61.2919544,-149.754515,69.19,51.8,Unknown,,No video,,,,,
719,3982,Bear 215,"Friday, September 20, 2013",6:00 AM,61.2859285,-149.7115987,76.69,48.2,Unknown,,No video,,,,,
720,3997,Bear 215,"Friday, September 20, 2013",12:00 PM,61.2886154,-149.6763427,95.11,53.6,Unknown,,No video,,,,,
721,4015,Bear 215,"Friday, September 20, 2013",6:00 PM,61.2839401,-149.6677576,78.35,55.4,Unknown,,No video,,,,,
722,4033,Bear 215,"Saturday, September 21, 2013",12:01 AM,61.2865719,-149.6269323,114.95,48.2,Unknown,,No video,,,,,
723,4066,Bear 215,"Saturday, September 21, 2013",12:00 PM,61.3177037,-149.6345544,56.96,55.4,Unknown,,No video,,,,,
724,4084,Bear 215,"Saturday, September 21, 2013",6:00 PM,61.3669422,-149.6531582,50.8,60.8,Unknown,,No video,,,,,
725,4102,Bear 215,"Sunday, September 22, 2013",12:00 AM,61.3762024,-149.6613746,33.23,53.6,Unknown,,No video,,,,,
726,4119,Bear 215,"Sunday, September 22, 2013",6:00 AM,61.3762657,-149.6612829,32.8,53.6,Unknown,,No video,,,,,
727,4137,Bear 215,"Sunday, September 22, 2013",12:01 PM,61.351548,-149.685597,48.81,55.4,Unknown,,No video,,,,,
728,4155,Bear 215,"Sunday, September 22, 2013",6:00 PM,61.3254356,-149.722311,2.84,55.4,Unknown,,No video,,,,,
729,4173,Bear 215,"Monday, September 23, 2013",12:01 AM,61.2816651,-149.7337471,46.21,51.8,Unknown,,No video,,,,,
730,4188,Bear 215,"Monday, September 23, 2013",6:01 AM,61.2821935,-149.7293592,94.91,62.6,Unknown,,No video,,,,,
731,4206,Bear 215,"Monday, September 23, 2013",12:00 PM,61.2722648,-149.722727,93.44,42.8,Unknown,,No video,,,,,
732,4224,Bear 215,"Monday, September 23, 2013",6:00 PM,61.2623195,-149.738872,86.33,60.8,Unknown,,No video,,,,,
733,4241,Bear 215,"Tuesday, September 24, 2013",12:00 AM,61.2618882,-149.7243998,86.45,50,Unknown,,No video,,,,,
734,4256,Bear 215,"Tuesday, September 24, 2013",6:01 AM,61.2619321,-149.7244575,94.03,50,Unknown,,No video,,,,,
735,4274,Bear 215,"Wednesday, September 25, 2013",12:00 PM,61.2451789,-149.7429783,80.17,53.6,Unknown,,No video,,,,,
736,4286,Bear 215,"Wednesday, September 25, 2013",4:01 PM,61.2525144,-149.7421494,78.82,60.8,Locomotion,Bear 215 8-21-13 200,Pushing on chained gate,,,,,
737,4287,Bear 215,"Wednesday, September 25, 2013",4:20 PM,61.2529752,-149.7450044,99.7,60.8,Locomotion,Bear 215 8-21-13 220,Sitting watching cars on Richardson Highway,,,,,
738,4289,Bear 215,"Wednesday, September 25, 2013",5:00 PM,61.2528965,-149.7338942,87.4,59,Natural food,Bear 215 8-21-13 259,"Grazing on dandelions, causing traffic jam; JBER conservation shows up",,,,,
739,4292,Bear 215,"Wednesday, September 25, 2013",6:01 PM,61.255363,-149.7304629,84.91,57.2,Resting,,,,,,,
740,4310,Bear 215,"Thursday, September 26, 2013",12:01 AM,61.237435,-149.7782751,65.55,55.4,Natural food,,Foraging on dandelions,,,,,
741,4328,Bear 215,"Thursday, September 26, 2013",6:01 AM,61.2327551,-149.7598697,76.91,55.4,Resting,,,,,,,
742,4345,Bear 215,"Thursday, September 26, 2013",12:01 PM,61.2519261,-149.7375674,77.14,57.2,Locomotion,,Walking through forest,,,,,
743,4361,Bear 215,"Thursday, September 26, 2013",5:20 PM,61.2548171,-149.7464328,70.37,69.8,Other,Bear 215 8-22-13 320,Rubbing back on light post,,,,,
744,4363,Bear 215,"Thursday, September 26, 2013",6:00 PM,61.2578708,-149.7520205,71.92,64.4,Natural food,,Feeding on a moose carcass,,,,,
745,4381,Bear 215,"Friday, September 27, 2013",12:00 AM,61.2619176,-149.7553643,89.22,57.2,Unknown,,Too dark,,,,,
746,4399,Bear 215,"Friday, September 27, 2013",6:01 AM,61.2618836,-149.7527594,83.31,57.2,Resting,,,,,,,
747,4417,Bear 215,"Friday, September 27, 2013",12:00 PM,61.2606796,-149.7556577,71.34,60.8,Natural food,,Foraging on dandelions,,,,,
748,4434,Bear 215,"Friday, September 27, 2013",6:00 PM,61.2687787,-149.7548195,103.39,60.8,Locomotion,,Walking through forest,,,,,
749,4452,Bear 215,"Saturday, September 28, 2013",12:01 AM,61.2644806,-149.7602162,72.89,57.2,Resting,,,,,,,
750,4468,Bear 215,"Saturday, September 28, 2013",6:00 AM,61.2644015,-149.7599572,85.71,51.8,Resting,,,,,,,
751,4474,Bear 215,"Saturday, September 28, 2013",8:02 AM,61.2626977,-149.7526174,89.45,50,Natural food,Bear 215 8-23-13 1802,Scavenging moose carcass can see magpies in background; use 2 following clips,,,,,
752,4486,Bear 215,"Saturday, September 28, 2013",12:00 PM,61.2702392,-149.754918,92.86,60.8,Natural food,,Foraging on highbush cranberry,,,,,
753,4504,Bear 215,"Saturday, September 28, 2013",6:00 PM,61.2927237,-149.7061845,45.04,64.4,Locomotion,,Walking on roadside,,,,,
754,4522,Bear 215,"Sunday, September 29, 2013",12:03 AM,61.2681675,-149.6797769,112.22,53.6,Resting,,,,,,,
755,4536,Bear 215,"Sunday, September 29, 2013",5:58 AM,61.2681579,-149.6798252,107.11,57.2,Resting,,,,,,,
756,4541,Bear 215,"Sunday, September 29, 2013",8:03 AM,61.2682798,-149.6797244,116.77,50,Resting,Bear 215 8-24-13 1802,Resting,,,,,
757,4552,Bear 215,"Sunday, September 29, 2013",12:00 PM,61.2682251,-149.67979,89.32,55.4,Resting,,,,,,,
758,4564,Bear 215,"Sunday, September 29, 2013",4:00 PM,61.2741641,-149.6868473,113.13,71.6,Natural food,Bear 215 8-25-13 159,Foraging for dandelions,,,,,
759,4567,Bear 215,"Sunday, September 29, 2013",5:00 PM,61.2784514,-149.6800808,105.61,64.4,Other,Bear 215 8-25-13 259,Playing with obstacle course,,,,,
760,4570,Bear 215,"Sunday, September 29, 2013",6:01 PM,61.2802044,-149.6494306,125.14,64.4,Natural food,,Foraging on dandelions,,,,,
761,4575,Bear 215,"Sunday, September 29, 2013",7:41 PM,61.2996063,-149.6606815,102.78,60.8,Locomotion,Bear 215 8-25-13 541,Walking through fall colors,,,,,
762,4588,Bear 215,"Monday, September 30, 2013",12:01 AM,61.3012977,-149.5980026,148.93,51.8,Locomotion,,Walking,,,,,
763,4606,Bear 215,"Monday, September 30, 2013",6:01 AM,61.2969169,-149.5997213,197.33,48.2,Resting,,,,,,,
764,4619,Bear 215,"Monday, September 30, 2013",10:20 AM,61.3180051,-149.6071684,62.52,48.2,Locomotion,Bear 215 8-25-13 2020,Walking along river,,,,,
765,4624,Bear 215,"Monday, September 30, 2013",12:01 PM,61.3141446,-149.630602,71.05,57.2,Resting,,,,,,,
766,4642,Bear 215,"Monday, September 30, 2013",6:00 PM,61.3255863,-149.6168978,64.32,64.4,Locomotion,,Walking in open gravel area,,,,,
767,4650,Bear 215,"Monday, September 30, 2013",8:40 PM,61.3401125,-149.5820032,94.47,57.2,Anthropogenic,Bear 215 8-26-13 640,Eating birdseed in a back yard,,,,,
768,4651,Bear 215,"Monday, September 30, 2013",9:00 PM,61.340078,-149.5820032,87.45,57.2,Anthropogenic,Bear 215 8-26-13 700,Eating birdseed out of a birdfeeder,,,,,
769,4660,Bear 215,"Tuesday, October 01, 2013",12:00 AM,61.3403197,-149.5804498,129.72,51.8,Anthropogenic,,Getting into trash can,,,,,
770,4694,Bear 215,"Tuesday, October 01, 2013",12:02 PM,61.3437397,-149.5803329,92.37,51.8,Resting,,,,,,,
771,4712,Bear 215,"Tuesday, October 01, 2013",6:00 PM,61.3436973,-149.5804467,64.18,57.2,Resting,,,,,,,
772,4713,Bear 215,"Tuesday, October 01, 2013",6:20 PM,61.3437239,-149.5777079,96.75,57.2,Locomotion,Bear 215 8-27-13 419,Walking down sidewalk,,,,,
773,4714,Bear 215,"Tuesday, October 01, 2013",6:41 PM,61.3437351,-149.5776189,90.36,59,Anthropogenic,Bear 215 8-27-13 440,Eating crab apples out of tree in front yard,,,,,
774,4722,Bear 215,"Tuesday, October 01, 2013",9:21 PM,61.3412665,-149.5753137,95.98,57.2,Locomotion,Bear 215 8-27-13 720,Walking along road at night,,,,,
775,4734,Bear 215,"Wednesday, October 02, 2013",1:41 AM,61.343404,-149.5793567,85.46,55.4,Anthropogenic,Bear 215 8-27-13 1141,"Walking, then eating crabapples with APD looking on",,,,,
776,4747,Bear 215,"Wednesday, October 02, 2013",6:00 AM,61.3433119,-149.575681,109.3,53.6,Anthropogenic,,Eating trash out of pickup bed,,,,,
777,4765,Bear 215,"Wednesday, October 02, 2013",12:02 PM,61.3458516,-149.5813177,59.49,53.6,Resting,,,,,,,
778,4782,Bear 215,"Wednesday, October 02, 2013",6:00 PM,61.3458851,-149.5812599,67.7,60.8,Resting,,,,,,,
779,4800,Bear 215,"Thursday, October 03, 2013",12:00 AM,61.3436221,-149.5730972,109.78,55.4,Unknown,,Too dark,,,,,
780,4806,Bear 215,"Thursday, October 03, 2013",2:00 AM,61.3419701,-149.5770661,90.73,55.4,Anthropogenic,Bear 215 8-28-13 1159,Eating trash out of pickup bed,,,,,
781,4833,Bear 215,"Thursday, October 03, 2013",12:01 PM,61.3479664,-149.5795434,62.9,55.4,Resting,,,,,,,
782,4851,Bear 215,"Thursday, October 03, 2013",6:00 PM,61.3476523,-149.5790492,82.03,60.8,Resting,,,,,,,
783,4859,Bear 215,"Thursday, October 03, 2013",9:02 PM,61.3456292,-149.5736208,83.28,55.4,Anthropogenic,Bear 215 8-29-13 701,Eating crabapples at night,,,,,
784,4868,Bear 215,"Friday, October 04, 2013",12:01 AM,61.3388997,-149.5833746,107.94,51.8,Unknown,,Too dark,,,,,
785,4886,Bear 215,"Friday, October 04, 2013",6:00 AM,61.3409979,-149.5891513,89.55,50,Anthropogenic,,Getting into trash can,,,,,
786,4904,Bear 215,"Friday, October 04, 2013",12:03 PM,61.3430843,-149.5941568,66.19,53.6,Resting,,,,,,,
787,4906,Bear 215,"Friday, October 04, 2013",12:42 PM,61.343182,-149.5942346,76.19,53.6,Resting,Bear 215 8-29-13 2241,Resting with trees and sun overhead,,,,,
788,4922,Bear 215,"Friday, October 04, 2013",6:01 PM,61.3423767,-149.5978257,104.72,59,Resting,,,,,,,
789,4940,Bear 215,"Saturday, October 05, 2013",12:01 AM,61.3401234,-149.5739367,120.02,55.4,Unknown,,Too dark,,,,,
790,4958,Bear 215,"Saturday, October 05, 2013",6:01 AM,61.3366457,-149.5863944,74.3,50,Resting,,,,,,,
791,4975,Bear 215,"Saturday, October 05, 2013",12:00 PM,61.3424206,-149.5978835,112.3,51.8,Resting,,,,,,,
792,4993,Bear 215,"Saturday, October 05, 2013",6:02 PM,61.3422483,-149.5978569,88.61,60.8,Resting,,,,,,,
793,5011,Bear 215,"Sunday, October 06, 2013",12:00 AM,61.3355501,-149.5697726,96.59,55.4,Locomotion,,Walking down sidewalk,,,,,
794,5028,Bear 215,"Sunday, October 06, 2013",6:01 AM,61.3276212,-149.5892247,70.24,53.6,Resting,,,,,,,
795,5046,Bear 215,"Sunday, October 06, 2013",12:00 PM,61.3295322,-149.5933867,73.47,59,Resting,,,,,,,
796,5064,Bear 215,"Sunday, October 06, 2013",6:01 PM,61.3295594,-149.5935184,75.23,55.4,Resting,,,,,,,
797,5082,Bear 215,"Monday, October 07, 2013",12:01 AM,61.3223026,-149.5854078,96.91,57.2,Locomotion,,Stand and look,,,,,
798,5099,Bear 215,"Monday, October 07, 2013",6:00 AM,61.3240429,-149.5816636,85.44,55.4,Anthropogenic,,Getting into trash can,,,,,
799,5107,Bear 215,"Monday, October 07, 2013",9:00 AM,61.3271888,-149.5898363,94.32,55.4,Locomotion,Bear 215 9-01-13 1900,Walking through bog,,,,,
800,5116,Bear 215,"Monday, October 07, 2013",12:00 PM,61.3297325,-149.5934599,82.91,60.8,Resting,,,,,,,
801,5134,Bear 215,"Monday, October 07, 2013",6:00 PM,61.3297563,-149.594081,90.58,64.4,Resting,,,,,,,
802,5151,Bear 215,"Tuesday, October 08, 2013",12:01 AM,61.3229105,-149.5837057,90.63,57.2,Locomotion,,Stand and look,,,,,
803,5165,Bear 215,"Tuesday, October 08, 2013",4:40 AM,61.3204486,-149.5832805,105.06,53.6,Other,Bear 215 9-02-13 1439,Playing with traffic cone,,,,,
804,5168,Bear 215,"Tuesday, October 08, 2013",6:02 AM,61.3186391,-149.5859251,111.64,60.8,Resting,,,,,,,
805,5186,Bear 215,"Tuesday, October 08, 2013",12:01 PM,61.3299008,-149.594191,107.99,60.8,Resting,,,,,,,
806,5204,Bear 215,"Tuesday, October 08, 2013",6:01 PM,61.3296714,-149.5941227,72.96,64.4,Resting,,,,,,,
807,5222,Bear 215,"Wednesday, October 09, 2013",12:00 AM,61.3217684,-149.5794894,110.09,57.2,Locomotion,,Walking on lawn,,,,,
808,5239,Bear 215,"Wednesday, October 09, 2013",6:01 AM,61.3201473,-149.5882432,85.81,55.4,Resting,,,,,,,
809,5251,Bear 215,"Wednesday, October 09, 2013",11:01 AM,61.3202858,-149.5888284,85.34,60.8,Other,Bear 215 9-03-13 2100,Scratching/marking tree,,,,,
810,5254,Bear 215,"Wednesday, October 09, 2013",12:00 PM,61.3206883,-149.6032622,67.65,64.4,Locomotion,,Stand and look,,,,,
811,5288,Bear 215,"Thursday, October 10, 2013",12:01 AM,61.3167815,-149.5831387,80.12,57.2,Unknown,,Too dark,,,,,
812,5306,Bear 215,"Thursday, October 10, 2013",6:00 AM,61.3216183,-149.6007357,77.07,53.6,Unknown,,No video,,,,,
813,5324,Bear 215,"Thursday, October 10, 2013",12:00 PM,61.3215537,-149.6018877,73.03,59,Unknown,,No video,,,,,
814,5342,Bear 215,"Thursday, October 10, 2013",6:00 PM,61.3214854,-149.6018421,66.93,57.2,Unknown,,No video,,,,,
815,5360,Bear 215,"Friday, October 11, 2013",12:00 AM,61.3327673,-149.5839674,90.62,57.2,Unknown,,No video,,,,,
816,5378,Bear 215,"Friday, October 11, 2013",6:02 AM,61.3297294,-149.5942088,88.8,53.6,Unknown,,No video,,,,,
817,5396,Bear 215,"Friday, October 11, 2013",12:00 PM,61.3297223,-149.5941049,67.58,60.8,Unknown,,No video,,,,,
818,5413,Bear 215,"Friday, October 11, 2013",6:01 PM,61.3172697,-149.5847573,46.94,62.6,Unknown,,No video,,,,,
819,5427,Bear 215,"Saturday, October 12, 2013",12:00 AM,61.3133185,-149.606723,81.52,73.4,Unknown,,No video,,,,,
820,5445,Bear 215,"Saturday, October 12, 2013",6:01 AM,61.3142461,-149.601654,104.76,64.4,Unknown,,No video,,,,,
821,5463,Bear 215,"Saturday, October 12, 2013",12:00 PM,61.3134562,-149.6085186,76.55,64.4,Unknown,,No video,,,,,
822,5480,Bear 215,"Saturday, October 12, 2013",6:00 PM,61.313518,-149.6085309,95.58,62.6,Unknown,,No video,,,,,
823,5498,Bear 215,"Sunday, October 13, 2013",12:02 AM,61.3222557,-149.5867131,100.91,57.2,Unknown,,No video,,,,,
824,5516,Bear 215,"Sunday, October 13, 2013",6:02 AM,61.3216118,-149.6019076,76.32,62.6,Unknown,,No video,,,,,
825,5534,Bear 215,"Sunday, October 13, 2013",12:00 PM,61.322079,-149.6031659,64.94,55.4,Unknown,,No video,,,,,
826,5552,Bear 215,"Sunday, October 13, 2013",6:00 PM,61.3216172,-149.6021848,93.09,55.4,Unknown,,No video,,,,,
827,5568,Bear 215,"Monday, October 14, 2013",12:00 AM,61.3261188,-149.5858562,91.13,57.2,Unknown,,No video,,,,,
828,5586,Bear 215,"Monday, October 14, 2013",6:01 AM,61.3265319,-149.5870972,81.92,59,Unknown,,No video,,,,,
